time,unit_impulse,unit_step,rectangular_pulse,sine_wave,cosine_wave,square_wave,triangular_wave,sawtooth_wave,exponential_decay,complex_exponential_real,complex_exponential_imag,gaussian_pulse,sinc_function,chirp_signal,white_noise,impulse_train
0.0,0.0,0.0,0.0,0.0,1.0,1.0,-1.0,-1.0,1.0,1.0,0.0,1.9287498479639178e-22,3.8981718325193755e-17,0.0,0.06652945349006223,1.0
0.001,0.0,0.0,0.0,0.03141075907812829,0.9995065603657316,1.0,-0.98,-0.99,0.9801986733067553,0.9995065603657316,0.03141075907812829,2.355309275139791e-22,0.0020039948302139248,0.03142331924551691,1.313115800321802,0.0
0.002,0.0,0.0,0.0,0.06279051952931337,0.9980267284282716,1.0,-0.96,-0.98,0.9607894391523232,0.9980267284282716,0.06279051952931337,2.875055693946053e-22,0.004015958559288169,0.06284068574497825,-0.8027831580581509,0.0
0.003,0.0,0.0,0.0,0.09410831331851433,0.99556196460308,1.0,-0.94,-0.97,0.9417645335842487,0.99556196460308,0.09410831331851433,3.50809110871071e-22,0.006035859859711979,0.09422090812195508,-1.3944683654824208,0.0
0.004,0.0,0.0,0.0,0.12533323356430426,0.9921147013144779,1.0,-0.92,-0.96,0.9231163463866358,0.9921147013144779,0.12533323356430426,4.278797644175367e-22,0.008063667157617598,0.12553270752606466,0.3583782686321272,0.0
0.005,0.0,0.0,0.0,0.15643446504023087,0.9876883405951378,1.0,-0.9,-0.95,0.9048374180359595,0.9876883405951378,0.15643446504023087,5.216736662027038e-22,0.010099348633439868,0.15674474875888042,-0.1662196359437773,0.0
0.006,0.0,0.0,0.0,0.18738131458572463,0.9822872507286887,1.0,-0.88,-0.94,0.8869204367171575,0.9822872507286887,0.18738131458572463,6.357734135491351e-22,0.012142872222584151,0.18782567167932843,-0.08021863621456349,0.0
0.007,0.0,0.0,0.0,0.21814324139654254,0.9759167619387474,1.0,-0.86,-0.9299999999999999,0.8693582353988059,0.9759167619387474,0.21814324139654254,7.745190312479511e-22,0.014194205616100441,0.21874412285823178,0.03098141681225155,0.0
0.008,0.0,0.0,0.0,0.2486898871648548,0.9685831611286311,1.0,-0.84,-0.92,0.8521437889662113,0.9685831611286311,0.2486898871648548,9.431659347155082e-22,0.01625331626136651,0.24946878745109227,0.02630930603227817,0.0
0.009,0.0,0.0,0.0,0.2789911060392292,0.9602936856769431,1.0,-0.8200000000000001,-0.91,0.835270211411272,0.9602936856769431,0.2789911060392292,1.1480753743885914e-21,0.01832017136277793,0.2799684212576562,-0.02456225883882793,0.0
0.01,0.0,0.0,0.0,0.3090169943749474,0.9510565162951535,1.0,-0.8,-0.9,0.8187307530779818,0.9510565162951535,0.3090169943749474,1.3969439431470991e-21,0.02039473788244581,0.31021188293629076,2.164323964644857,0.0
0.011,0.0,0.0,0.0,0.33873792024529137,0.9408807689542255,1.0,-0.78,-0.89,0.8025187979624785,0.9408807689542255,0.33873792024529137,1.6990800420899825e-21,0.022476982540902097,0.3401681663407145,-0.6255916187427193,0.0
0.012,0.0,0.0,0.0,0.368124552684678,0.9297764858882513,1.0,-0.76,-0.88,0.7866278610665535,0.9297764858882513,0.368124552684678,2.0657367715490986e-21,0.0245668718178124,0.3698064329461629,-1.2542061963604878,0.0
0.013,0.0,0.0,0.0,0.39714789063478056,0.9177546256839811,1.0,-0.74,-0.87,0.7710515858035663,0.9177546256839811,0.39714789063478056,2.5105125936594477e-21,0.026664371952696327,0.3990960443316458,1.270838380642247,0.0
0.014,0.0,0.0,0.0,0.42577929156507266,0.9048270524660196,1.0,-0.72,-0.86,0.7557837414557255,0.9048270524660196,0.42577929156507266,3.049833359432183e-21,0.028769448945655224,0.4280065946845577,0.1375999754865067,0.0
0.015,0.0,0.0,0.0,0.45399049973954675,0.8910065241883679,1.0,-0.7,-0.85,0.7408182206817179,0.8910065241883679,0.45399049973954675,3.703531977652345e-21,0.03088206855810806,0.4565079432935363,0.8191083858501115,0.0
0.016,0.0,0.0,0.0,0.4817536741017153,0.8763066800438636,1.0,-0.6799999999999999,-0.84,0.7261490370736909,0.8763066800438636,0.4817536741017153,4.4955452089185905e-21,0.033002196313533363,0.4845702469951373,-0.21916165454897613,0.0
0.017,0.0,0.0,0.0,0.5090414157503713,0.8607420270039436,1.0,-0.6599999999999999,-0.83,0.7117703227626097,0.8607420270039436,0.5090414157503713,5.454750895420932e-21,0.03512979749822006,0.5121639925395957,-0.4209997284985874,0.0
0.018,0.0,0.0,0.0,0.5358267949789965,0.8443279255020152,1.0,-0.64,-0.8200000000000001,0.697676326071031,0.8443279255020152,0.5358267949789965,6.615973503989091e-21,0.03726483716202499,0.5392600288406837,0.47273654609341326,0.0
0.019,0.0,0.0,0.0,0.5620833778521306,0.8270805742745618,1.0,-0.62,-0.81,0.6838614092123558,0.8270805742745618,0.5620833778521306,8.02119130706306e-21,0.03940728011913801,0.5658295990744493,-1.6806228215751795,0.0
0.02,0.0,0.0,0.0,0.5877852522924731,0.8090169943749475,1.0,-0.6,-0.8,0.6703200460356393,0.8090169943749475,0.5877852522924731,9.72098502030078e-21,0.04155709094885441,0.5918443725914295,-0.14435344771977235,0.0
0.021,0.0,0.0,0.0,0.6129070536529765,0.7901550123756904,1.0,-0.58,-0.79,0.6570468198150567,0.7901550123756904,0.6129070536529765,1.1776275454323833e-20,0.04371423399635482,0.6172764766067803,0.2248581712385033,0.0
0.022,0.0,0.0,0.0,0.6374239897486896,0.7705132427757893,1.0,-0.56,-0.78,0.6440364210831414,0.7705132427757893,0.6374239897486896,1.4260406956101183e-20,0.04587867337349237,0.6420985276326518,-0.2724203328245317,0.0
0.023,0.0,0.0,0.0,0.6613118653236518,0.7501110696304596,1.0,-0.54,-0.77,0.631283645506926,0.7501110696304596,0.6613118653236518,1.7261644390538634e-20,0.048050372959587175,0.666283662617057,-0.5603124020240089,0.0
0.024,0.0,0.0,0.0,0.6845471059286887,0.7289686274214116,1.0,-0.52,-0.76,0.6187833918061408,0.7289686274214116,0.6845471059286887,2.0886164474088106e-20,0.05022929640222805,0.6898055697534464,-1.3656431679155527,0.0
0.025,0.0,0.0,0.0,0.7071067811865476,0.7071067811865476,1.0,-0.5,-0.75,0.6065306597126334,0.7071067811865476,0.7071067811865476,2.5261637809256925e-20,0.052415407118082215,0.7126385189252054,0.16922335723834941,0.0
0.026,0.0,0.0,0.0,0.7289686274214114,0.6845471059286887,1.0,-0.48,-0.74,0.5945205479701944,0.6845471059286887,0.7289686274214114,3.0541516442847473e-20,0.05460866829371078,0.7347573917493241,0.49965444631656397,0.0
0.027,0.0,0.0,0.0,0.7501110696304595,0.6613118653236519,1.0,-0.45999999999999996,-0.73,0.5827482523739896,0.6613118653236519,0.7501110696304595,3.691016372696099e-20,0.05680904288639293,0.7561377111835796,-0.10669257958244063,0.0
0.028,0.0,0.0,0.0,0.7705132427757893,0.6374239897486897,1.0,-0.43999999999999995,-0.72,0.5712090638488149,0.6374239897486897,0.7705132427757893,4.458898934501781e-20,0.059016493624956666,0.7767556706616869,0.7411882306434459,0.0
0.029,0.0,0.0,0.0,0.7901550123756904,0.6129070536529765,1.0,-0.41999999999999993,-0.71,0.559898366565402,0.6129070536529765,0.7901550123756904,5.3843783337193394e-20,0.06123098301061685,0.7965881627210383,-0.08910675774339182,0.0
0.03,0.0,0.0,0.0,0.8090169943749475,0.5877852522924731,1.0,-0.4,-0.7,0.5488116360940265,0.5877852522924731,0.8090169943749475,6.499347972070893e-20,0.06345247331782045,0.8156128070878603,-1.0542033897976215,0.0
0.031,0.0,0.0,0.0,0.8270805742745618,0.5620833778521306,1.0,-0.38,-0.69,0.5379444375946745,0.5620833778521306,0.8270805742745618,7.842062391284705e-20,0.06568092659509883,0.8338079781848559,0.38381940478232973,0.0
0.032,0.0,0.0,0.0,0.8443279255020151,0.5358267949789965,1.0,-0.36,-0.6799999999999999,0.5272924240430485,0.5358267949789965,0.8443279255020151,9.458386988221877e-20,0.06791630466592748,0.8511528320266928,-0.899946916352496,0.0
0.033,0.0,0.0,0.0,0.8607420270039436,0.5090414157503712,1.0,-0.33999999999999997,-0.6699999999999999,0.5168513344916992,0.5090414157503712,0.8607420270039436,1.140328942556145e-19,0.07015856912959227,0.8676273324690293,0.17503759247604286,0.0
0.034,0.0,0.0,0.0,0.8763066800438637,0.48175367410171516,1.0,-0.31999999999999995,-0.6599999999999999,0.5066169923655895,0.48175367410171516,0.8763066800438637,1.374261872373265e-19,0.07240768136206402,0.8832122767771372,0.8630112872029289,0.0
0.035,0.0,0.0,0.0,0.8910065241883678,0.4539904997395468,1.0,-0.29999999999999993,-0.6499999999999999,0.49658530379140947,0.4539904997395468,0.8910065241883678,1.6555226620987744e-19,0.07466360251687817,0.8978893204806003,-0.19018293401518535,0.0
0.036,0.0,0.0,0.0,0.9048270524660195,0.4257792915650728,1.0,-0.28,-0.64,0.4867522559599717,0.4257792915650728,0.9048270524660195,1.9935495969983477e-19,0.07692629352602326,0.9116410014810238,-0.13391691437125658,0.0
0.037,0.0,0.0,0.0,0.917754625683981,0.3971478906347808,1.0,-0.26,-0.63,0.4771139155210344,0.3971478906347808,0.917754625683981,2.39963529859174e-19,0.07919571510083617,0.9244507633801856,-1.77491877617573,0.0
0.038,0.0,0.0,0.0,0.9297764858882513,0.3681245526846781,1.0,-0.24,-0.62,0.46766642700990924,0.3681245526846781,0.9297764858882513,2.8872854408469166e-19,0.08147182773290305,0.9363029779966101,0.6092486390242442,0.0
0.039,0.0,0.0,0.0,0.9408807689542255,0.3387379202452915,1.0,-0.21999999999999997,-0.61,0.4584060113052235,0.3387379202452915,0.9408807689542255,3.472645748191262e-19,0.08375459169496886,0.9471829670391223,-0.09753518197345665,0.0
0.04,0.0,0.0,0.0,0.9510565162951535,0.30901699437494745,1.0,-0.19999999999999996,-0.6,0.44932896411722156,0.30901699437494745,0.9510565162951535,4.175010055850514e-19,0.08604396704185292,0.9570770229065712,0.6217543910789739,0.0
0.041,0.0,0.0,0.0,0.9602936856769431,0.2789911060392293,1.0,-0.17999999999999994,-0.59,0.44043165450599925,0.2789911060392293,0.9602936856769431,5.01742456345061e-19,0.08833991361137164,0.9659724285835789,2.125197179236584,0.0
0.042,0.0,0.0,0.0,0.9685831611286311,0.24868988716485474,1.0,-0.15999999999999992,-0.58,0.43171052342907973,0.24868988716485474,0.9685831611286311,6.027406187596987e-19,0.09064239102526818,0.9738574766028837,-0.2554939169699124,0.0
0.043,0.0,0.0,0.0,0.9759167619387473,0.2181432413965427,1.0,-0.14000000000000012,-0.5700000000000001,0.4231620823177488,0.2181432413965427,0.9759167619387473,7.237796193422065e-19,0.09295135869014892,0.9807214870455936,-1.121561638971594,0.0
0.044,0.0,0.0,0.0,0.9822872507286886,0.18738131458572474,1.0,-0.1200000000000001,-0.56,0.4147829116815814,0.18738131458572474,0.9822872507286886,8.687774147040325e-19,0.09526677579842664,0.9865548245514658,1.0218211309939986,0.0
0.045,0.0,0.0,0.0,0.9876883405951378,0.15643446504023092,1.0,-0.10000000000000009,-0.55,0.4065696597405991,0.15643446504023092,0.9876883405951378,1.04240617839016e-18,0.0975886013292713,0.9913489143121561,-1.2737867862258947,0.0
0.046,0.0,0.0,0.0,0.9921147013144779,0.12533323356430426,1.0,-0.08000000000000007,-0.54,0.39851904108451414,0.12533323356430426,0.9921147013144779,1.25023517534347e-18,0.09991679404956612,0.9950962570212598,0.6153508882942276,0.0
0.047,0.0,0.0,0.0,0.99556196460308,0.09410831331851428,1.0,-0.06000000000000005,-0.53,0.3906278353585211,0.09410831331851428,0.99556196460308,1.4989002520226799e-18,0.10225131251487185,0.9977904427558779,-0.8935624823345935,0.0
0.048,0.0,0.0,0.0,0.9980267284282716,0.0627905195293133,1.0,-0.040000000000000036,-0.52,0.38289288597511206,0.0627905195293133,0.9980267284282716,1.79630481427039e-18,0.1045921150703973,0.9994261637653966,1.2500997060416383,0.0
0.049,0.0,0.0,0.0,0.9995065603657316,0.031410759078128396,1.0,-0.020000000000000018,-0.51,0.37531109885139957,0.031410759078128396,0.9995065603657316,2.1518580406712164e-18,0.1069391598519763,0.9999992261441579,0.934958948539993,0.0
0.05,0.0,0.0,0.0,1.0,6.123233995736766e-17,1.0,0.0,-0.5,0.36787944117144233,6.123233995736766e-17,1.0,2.576757109154981e-18,0.10929240478705181,0.9995065603657316,-1.013239755091873,0.0
0.051,0.0,0.0,0.0,0.9995065603657316,-0.031410759078128056,1.0,0.020000000000000018,-0.49,0.3605949401730783,-0.031410759078128056,0.9995065603657316,3.0843214256522337e-18,0.11165180759566644,0.9979462306575622,0.04331620106646643,0.0
0.052,0.0,0.0,0.0,0.9980267284282716,-0.06279051952931318,1.0,0.040000000000000036,-0.48,0.35345468195878016,-0.06279051952931318,0.9980267284282716,3.690388266876586e-18,0.11401732579145966,0.9953174431958706,-1.223678346527092,0.0
0.053,0.0,0.0,0.0,0.99556196460308,-0.09410831331851416,1.0,0.06000000000000005,-0.47,0.3464558103300574,-0.09410831331851416,0.99556196460308,4.413780921218169e-18,0.11638891668267161,0.9916205531018265,-0.7549702584318194,0.0
0.054,0.0,0.0,0.0,0.9921147013144779,-0.12533323356430415,1.0,0.08000000000000007,-0.45999999999999996,0.3395955256449391,-0.12533323356430415,0.9921147013144779,5.276862374834124e-18,0.11876653737315346,0.9868570702211824,-0.0018097151979617025,0.0
0.055,0.0,0.0,0.0,0.9876883405951378,-0.1564344650402308,1.0,0.10000000000000009,-0.44999999999999996,0.33287108369807955,-0.1564344650402308,0.9876883405951378,6.306189893986447e-18,0.12115014476338498,0.9810296636707647,0.5712326647099084,0.0
0.056,0.0,0.0,0.0,0.9822872507286887,-0.1873813145857246,1.0,0.1200000000000001,-0.43999999999999995,0.32627979462303947,-0.1873813145857246,0.9822872507286887,7.533288557462685e-18,0.12353969555149712,0.974142165136462,0.2560704350056882,0.0
0.057,0.0,0.0,0.0,0.9759167619387474,-0.21814324139654256,1.0,0.14000000000000012,-0.42999999999999994,0.31981902181630384,-0.21814324139654256,0.9759167619387474,8.995564962121935e-18,0.1259351462343026,0.9661995709086142,0.8713116789408961,0.0
0.058,0.0,0.0,0.0,0.9685831611286311,-0.24868988716485485,1.0,0.16000000000000014,-0.41999999999999993,0.3134861808826053,-0.24868988716485485,0.9685831611286311,1.073738603903379e-17,0.12833645310833244,0.9572080426420161,-0.022939968315917894,0.0
0.059,0.0,0.0,0.0,0.9602936856769431,-0.27899110603922916,1.0,0.17999999999999994,-0.41000000000000003,0.30727873860113125,-0.27899110603922916,0.9602936856769431,1.2811352269147482e-17,0.13074357227087868,0.9471749068290738,-0.27204849107472284,0.0
0.06,0.0,0.0,0.0,0.9510565162951536,-0.30901699437494734,1.0,0.19999999999999996,-0.4,0.30119421191220214,-0.30901699437494734,0.9510565162951536,1.5279799682873048e-17,0.13315645962104405,0.936108652976015,-0.5401240299277194,0.0
0.061,0.0,0.0,0.0,0.9408807689542255,-0.33873792024529137,1.0,0.21999999999999997,-0.39,0.2952301669240142,-0.33873792024529137,0.9408807689542255,1.8216570991862212e-17,0.13557507086079737,0.9240189304734399,0.668900842457338,0.0
0.062,0.0,0.0,0.0,0.9297764858882515,-0.368124552684678,1.0,0.24,-0.38,0.2893842179390506,-0.368124552684678,0.9297764858882515,2.170910317848089e-17,0.13799936149603606,0.9109165441539112,0.8339909534500465,0.0
0.063,0.0,0.0,0.0,0.9177546256839813,-0.39714789063478045,1.0,0.26,-0.37,0.2836540264997704,-0.39714789063478045,0.9177546256839813,2.5860887027412605e-17,0.1404292868376541,0.8968134485307149,-0.704854152765308,0.0
0.064,0.0,0.0,0.0,0.9048270524660195,-0.4257792915650727,1.0,0.28,-0.36,0.27803730045319414,-0.4257792915650727,0.9048270524660195,3.0794363620319316e-17,0.14286480200261778,0.8817227407133891,0.56209524071636,0.0
0.065,0.0,0.0,0.0,0.8910065241883679,-0.45399049973954675,1.0,0.30000000000000004,-0.35,0.2725317930340126,-0.45399049973954675,0.8910065241883679,3.665433395601045e-17,0.14530586191504546,0.8656586519970888,0.3639067804544635,0.0
0.066,0.0,0.0,0.0,0.8763066800438635,-0.48175367410171543,1.0,0.32000000000000006,-0.33999999999999997,0.26713530196585034,-0.48175367410171543,0.8763066800438635,4.3611970869317117e-17,0.14775242130729582,0.8486365381243665,-0.6237921623472168,0.0
0.067,0.0,0.0,0.0,0.8607420270039436,-0.5090414157503713,1.0,0.3400000000000001,-0.32999999999999996,0.261845668580326,-0.5090414157503713,0.8607420270039436,5.1869537608476955e-17,0.15020443472106082,0.8306728682194512,0.41128641636892116,0.0
0.068,0.0,0.0,0.0,0.844327925502015,-0.5358267949789969,1.0,0.3600000000000001,-0.31999999999999995,0.2566607769535559,-0.5358267949789969,0.844327925502015,6.16659351490994e-17,0.1526618565084658,0.8117852123966628,0.8589903082655793,0.0
0.069,0.0,0.0,0.0,0.8270805742745617,-0.5620833778521307,1.0,0.3800000000000001,-0.30999999999999994,0.25157855305975646,-0.5620833778521307,0.8270805742745617,7.328322098524098e-17,0.1551246408331751,0.791992228046128,0.445762782919256,0.0
0.07,0.0,0.0,0.0,0.8090169943749475,-0.587785252292473,1.0,0.40000000000000013,-0.29999999999999993,0.24659696394160643,-0.587785252292473,0.8090169943749475,8.705426622296251e-17,0.15759274167150394,0.7713136448015468,-0.14273922761603788,0.0
0.071,0.0,0.0,0.0,0.7901550123756905,-0.6129070536529763,1.0,0.41999999999999993,-0.29000000000000004,0.24171401689703645,-0.6129070536529763,0.7901550123756905,1.0337174586296901e-16,0.16006611281353678,0.7497702481963199,0.7708599687490897,0.0
0.072,0.0,0.0,0.0,0.7705132427757895,-0.6374239897486894,1.0,0.43999999999999995,-0.28,0.23692775868212176,-0.6374239897486894,0.7705132427757895,1.226986898379846e-16,0.162544707864251,0.7273838620159356,-0.9351178354967049,0.0
0.073,0.0,0.0,0.0,0.7501110696304596,-0.6613118653236517,1.0,0.45999999999999996,-0.27,0.23223627472975883,-0.6613118653236517,0.7501110696304596,1.4558086040985296e-16,0.16502848024464783,0.7041773293561195,0.8673182651193247,0.0
0.074,0.0,0.0,0.0,0.7289686274214118,-0.6845471059286884,1.0,0.48,-0.26,0.22763768838381274,-0.6845471059286884,0.7289686274214118,1.7266126578985265e-16,0.16751738319288756,0.6801744923978281,1.907066202148077,0.0
0.075,0.0,0.0,0.0,0.7071067811865476,-0.7071067811865475,1.0,0.5,-0.25,0.22313016014842982,-0.7071067811865475,0.7071067811865476,2.0469717131642043e-16,0.17001136976543224,0.6554001709117939,1.1301414901057492,0.0
0.076,0.0,0.0,0.0,0.6845471059286888,-0.7289686274214113,1.0,0.52,-0.24,0.21871188695221475,-0.7289686274214113,0.6845471059286888,2.425800293551146e-16,0.17251039283819367,0.6298801395069182,-0.952521315811113,0.0
0.077,0.0,0.0,0.0,0.6613118653236518,-0.7501110696304595,1.0,0.54,-0.22999999999999998,0.21438110142697794,-0.7501110696304595,0.6613118653236518,2.8735881860195784e-16,0.1750144051076872,0.6036411036384327,0.0026216379012706332,0.0
0.078,0.0,0.0,0.0,0.6374239897486899,-0.7705132427757891,1.0,0.56,-0.21999999999999997,0.21013607120076472,-0.7705132427757891,0.6374239897486899,3.402673642039794e-16,0.17752335909219172,0.576710674393336,-0.8702684317796965,0.0
0.079,0.0,0.0,0.0,0.6129070536529764,-0.7901550123756904,1.0,0.5800000000000001,-0.20999999999999996,0.20597509820488344,-0.7901550123756904,0.6129070536529764,4.0275630382617683e-16,0.18003720713291535,0.5491173420722392,0.42966328463485076,0.0
0.08,0.0,0.0,0.0,0.5877852522924732,-0.8090169943749473,1.0,0.6000000000000001,-0.19999999999999996,0.20189651799465538,-0.8090169943749473,0.5877852522924732,4.765304735299088e-16,0.18255590139516678,0.5208904485883243,0.01562627528532192,0.0
0.081,0.0,0.0,0.0,0.5620833778521305,-0.8270805742745619,1.0,0.6200000000000001,-0.18999999999999995,0.19789869908361465,-0.8270805742745619,0.5620833778521305,5.635926134325763e-16,0.18507939386953265,0.4920601587057369,1.4958696679063377,0.0
0.082,0.0,0.0,0.0,0.5358267949789967,-0.8443279255020151,1.0,0.6400000000000001,-0.17999999999999994,0.19398004229089189,-0.8443279255020151,0.5358267949789967,6.66294439299505e-16,0.18760763637306033,0.4626574301412958,-2.2435695356389864,0.0
0.083,0.0,0.0,0.0,0.5090414157503711,-0.8607420270039438,1.0,0.6600000000000001,-0.16999999999999993,0.1901389801015205,-0.8607420270039438,0.5090414157503711,7.873962955934345e-16,0.19014058055044739,0.43271398255498106,1.1880409885605832,0.0
0.084,0.0,0.0,0.0,0.4817536741017152,-0.8763066800438636,1.0,0.6800000000000002,-0.15999999999999992,0.18637397603940997,-0.8763066800438636,0.4817536741017152,9.301368016640149e-16,0.19267817787523475,0.40226226545621924,-0.6685494195482056,0.0
0.085,0.0,0.0,0.0,0.45399049973954686,-0.8910065241883678,1.0,0.7000000000000002,-0.1499999999999999,0.18268352405273466,-0.8910065241883678,0.45399049973954686,1.0983141298285972e-15,0.19522037965100772,0.3713354250545165,-0.2746744362668642,0.0
0.086,0.0,0.0,0.0,0.4257792915650729,-0.9048270524660194,1.0,0.7199999999999998,-0.14000000000000012,0.17906614791149322,-0.9048270524660194,0.4257792915650729,1.2963808168255342e-15,0.19776713701260096,0.33996727008453226,2.093957924401361,0.0
0.087,0.0,0.0,0.0,0.39714789063478106,-0.9177546256839809,1.0,0.7399999999999998,-0.13000000000000012,0.17552040061699686,-0.9177546256839809,0.39714789063478106,1.5295543139710518e-15,0.20031840092731054,0.3081922366371602,-1.1015434139873435,0.0
0.088,0.0,0.0,0.0,0.36812455268467814,-0.9297764858882513,1.0,0.7599999999999998,-0.1200000000000001,0.17204486382305054,-0.9297764858882513,0.36812455268467814,1.8039458325927787e-15,0.20287412219610967,0.2760453520297111,-0.42328937011332407,0.0
0.089,0.0,0.0,0.0,0.33873792024529176,-0.9408807689542253,1.0,0.7799999999999998,-0.1100000000000001,0.1686381472685955,-0.9408807689542253,0.33873792024529176,2.1267104471496307e-15,0.20543425145487165,0.24356219774968937,-0.7581684964122514,0.0
0.09,0.0,0.0,0.0,0.3090169943749475,-0.9510565162951535,1.0,0.7999999999999998,-0.10000000000000009,0.16529888822158653,-0.9510565162951535,0.3090169943749475,2.5062218871452745e-15,0.20799873917559727,0.21077887150815222,0.04559324893835909,0.0
0.091,0.0,0.0,0.0,0.27899110603922955,-0.960293685676943,1.0,0.8199999999999998,-0.09000000000000008,0.16202575093388075,-0.960293685676943,0.27899110603922955,2.9522759899857905e-15,0.21056753566764813,0.1777319484399948,0.4459969689210527,0.0
0.092,0.0,0.0,0.0,0.24868988716485482,-0.9685831611286311,1.0,0.8399999999999999,-0.08000000000000007,0.15881742610692068,-0.9685831611286311,0.24868988716485482,3.476327411194989e-15,0.21314059107898517,0.14445844148990847,1.1159902968460969,0.0
0.093,0.0,0.0,0.0,0.21814324139654276,-0.9759167619387473,1.0,0.8599999999999999,-0.07000000000000006,0.1556726303679973,-0.9759167619387473,0.21814324139654276,4.0917649083462146e-15,0.21571785539741234,0.11099576102408988,-0.158441449612838,0.0
0.094,0.0,0.0,0.0,0.18738131458572457,-0.9822872507286887,1.0,0.8799999999999999,-0.06000000000000005,0.15259010575688386,-0.9822872507286887,0.18738131458572457,4.81423134497543e-15,0.21829927845182676,0.0773816737090886,0.8413203535780356,0.0
0.095,0.0,0.0,0.0,0.15643446504023098,-0.9876883405951377,1.0,0.8999999999999999,-0.050000000000000044,0.14956861922263504,-0.9876883405951377,0.15643446504023098,5.6619955169489504e-15,0.2208848099134719,0.043654260700460044,-1.0668448929230527,0.0
0.096,0.0,0.0,0.0,0.1253332335643041,-0.9921147013144779,1.0,0.9199999999999999,-0.040000000000000036,0.14660696213035015,-0.9921147013144779,0.1253332335643041,6.6563840049804555e-15,0.22347439929719848,0.009851875185107424,-0.1698524516672686,0.0
0.097,0.0,0.0,0.0,0.09410831331851435,-0.99556196460308,1.0,0.94,-0.030000000000000027,0.14370394977770293,-0.99556196460308,0.09410831331851435,7.822282524614298e-15,0.22606799596272897,-0.023986900677584723,-1.4399857200667026,0.0
0.098,0.0,0.0,0.0,0.06279051952931358,-0.9980267284282716,1.0,0.96,-0.020000000000000018,0.140858420921045,-0.9980267284282716,0.06279051952931358,9.18871770347985e-15,0.22866554911592823,-0.05782329936959402,0.28033154951411376,0.0
0.099,0.0,0.0,0.0,0.031410759078128236,-0.9995065603657316,1.0,0.98,-0.010000000000000009,0.13806923731089282,-0.9995065603657316,0.031410759078128236,1.0789531892916829e-14,0.2312670078100784,-0.09161841213572701,1.5915537801106656,0.0
0.1,0.0,0.0,0.0,1.2246467991473532e-16,-1.0,1.0,1.0,0.0,0.1353352832366127,-1.0,1.2246467991473532e-16,1.2664165549094176e-14,0.23387232094715982,-0.12533323356430429,-0.041552072145896145,1.0
0.101,0.0,0.0,0.0,-0.03141075907812844,-0.9995065603657316,-1.0,0.98,0.010000000000000009,0.13265546508012172,-0.9995065603657316,-0.03141075907812844,1.4858563933924117e-14,0.23648143727913642,-0.15892870657763594,0.5668325070054115,0.0
0.102,0.0,0.0,0.0,-0.0627905195293129,-0.9980267284282716,-1.0,0.96,0.020000000000000018,0.1300287108784259,-0.9980267284282716,-0.0627905195293129,1.742622742998039e-14,0.2390943054092463,-0.1923657677819027,-1.3232930346320215,0.0
0.103,0.0,0.0,0.0,-0.0941083133185141,-0.99556196460308,-1.0,0.94,0.030000000000000027,0.12745396989482075,-0.99556196460308,-0.0941083133185141,2.0429427683654458e-14,0.2417108737932978,-0.22560539312514064,0.42147672289571847,0.0
0.104,0.0,0.0,0.0,-0.12533323356430384,-0.9921147013144779,-1.0,0.9199999999999999,0.040000000000000036,0.12493021219858241,-0.9921147013144779,-0.12533323356430384,2.394061514095669e-14,0.2443310907409694,-0.25860864381117715,-0.37521280540479834,0.0
0.105,0.0,0.0,0.0,-0.15643446504023073,-0.9876883405951378,-1.0,0.8999999999999999,0.050000000000000044,0.1224564282529819,-0.9876883405951378,-0.15643446504023073,2.804404738222797e-14,0.24695490441711568,-0.2913367124165468,-0.23166180751414814,0.0
0.106,0.0,0.0,0.0,-0.18738131458572432,-0.9822872507286887,-1.0,0.8799999999999999,0.06000000000000005,0.12003162851145673,-0.9822872507286887,-0.18738131458572432,3.28376720656351e-14,0.24958226284307775,-0.3237509691566858,-0.3838931934937594,0.0
0.107,0.0,0.0,0.0,-0.2181432413965425,-0.9759167619387474,-1.0,0.8599999999999999,0.07000000000000006,0.11765484302177918,-0.9759167619387474,-0.2181432413965425,3.843530333442902e-14,0.2522131138979984,-0.3558130082470043,1.2488386123655695,0.0
0.108,0.0,0.0,0.0,-0.24868988716485457,-0.9685831611286312,-1.0,0.8399999999999999,0.08000000000000007,0.11532512103806251,-0.9685831611286312,-0.24868988716485457,4.496913632023312e-14,0.2548474053201423,-0.3874846943038141,0.545440799191892,0.0
0.109,0.0,0.0,0.0,-0.2789911060392293,-0.9602936856769431,-1.0,0.8199999999999998,0.09000000000000008,0.11304153064044985,-0.9602936856769431,-0.2789911060392293,5.2592650987217054e-14,0.25748508470822085,-0.4187282087295044,-0.5785197002733382,0.0
0.11,0.0,0.0,0.0,-0.3090169943749473,-0.9510565162951536,-1.0,0.7999999999999998,0.10000000000000009,0.11080315836233387,-0.9510565162951536,-0.3090169943749473,6.148396412704756e-14,0.2601260995227221,-0.44950609602589364,-0.35760613315690626,0.0
0.111,0.0,0.0,0.0,-0.3387379202452915,-0.9408807689542255,-1.0,0.7799999999999998,0.1100000000000001,0.10860910882495796,-0.9408807689542255,-0.3387379202452915,7.184969696504818e-14,0.26277039708724453,-0.47978130997919083,0.5178297235995376,0.0
0.112,0.0,0.0,0.0,-0.3681245526846779,-0.9297764858882515,-1.0,0.7599999999999998,0.1200000000000001,0.1064585043792528,-0.9297764858882515,-0.3681245526846779,8.392943572505959e-14,0.2654179245898364,-0.5095172596596788,0.05998923294489277,0.0
0.113,0.0,0.0,0.0,-0.3971478906347804,-0.9177546256839813,-1.0,0.7399999999999998,0.13000000000000012,0.104350484754765,-0.9177546256839813,-0.3971478906347804,9.800087379542647e-14,0.26806862908433976,-0.5386778551788861,-1.4042244448606696,0.0
0.114,0.0,0.0,0.0,-0.42577929156507266,-0.9048270524660195,-1.0,0.7199999999999998,0.14000000000000012,0.10228420671553744,-0.9048270524660195,-0.42577929156507266,1.1438573703559516e-13,0.270722457491738,-0.5672275531467987,1.5167898971311262,0.0
0.115,0.0,0.0,0.0,-0.45399049973954664,-0.8910065241883679,-1.0,0.6999999999999997,0.15000000000000013,0.1002588437228037,-0.8910065241883679,-0.45399049973954664,1.3345660848219891e-13,0.27337935660150897,-0.5951314017714742,-0.2961310183623479,0.0
0.116,0.0,0.0,0.0,-0.4817536741017154,-0.8763066800438636,-1.0,0.6799999999999997,0.16000000000000014,0.09827358560436154,-0.8763066800438636,-0.4817536741017154,1.5564478550463911e-13,0.2760392730729825,-0.6223550855433453,-1.7904092917374739,0.0
0.117,0.0,0.0,0.0,-0.5090414157503712,-0.8607420270039436,-1.0,0.6599999999999997,0.17000000000000015,0.09632763823049303,-0.8607420270039436,-0.5090414157503712,1.814493216053718e-13,0.27870215343670157,-0.648864969446443,1.259706515515277,0.0
0.118,0.0,0.0,0.0,-0.5358267949789964,-0.8443279255020152,-1.0,0.6400000000000001,0.17999999999999994,0.09442022319630235,-0.8443279255020152,-0.5358267949789964,2.1144742687895444e-13,0.2813679440957894,-0.6746281426388439,1.7838018853360127,0.0
0.119,0.0,0.0,0.0,-0.5620833778521303,-0.827080574274562,-1.0,0.6200000000000001,0.18999999999999995,0.09255057751034329,-0.827080574274562,-0.5620833778521303,2.463064259976729e-13,0.28403659132731923,-0.6996124615447329,0.27674720477908227,0.0
0.12,0.0,0.0,0.0,-0.587785252292473,-0.8090169943749475,-1.0,0.6000000000000001,0.19999999999999996,0.09071795328941251,-0.8090169943749475,-0.587785252292473,2.867975008888098e-13,0.2867080412836898,-0.7237865923006905,-2.4717677599189076,0.0
0.121,0.0,0.0,0.0,-0.6129070536529763,-0.7901550123756905,-1.0,0.5800000000000001,0.20999999999999996,0.08892161745938634,-0.7901550123756905,-0.6129070536529763,3.3381147747068627e-13,0.2893822399940045,-0.7471200524990586,-0.5923315144074813,0.0
0.122,0.0,0.0,0.0,-0.6374239897486896,-0.7705132427757893,-1.0,0.56,0.21999999999999997,0.0871608514619813,-0.7705132427757893,-0.6374239897486896,3.8837695244272707e-13,0.29205913336545514,-0.7695832521715974,-0.5566278327623051,0.0
0.123,0.0,0.0,0.0,-0.6613118653236517,-0.7501110696304597,-1.0,0.54,0.22999999999999998,0.08543495096732123,-0.7501110696304597,-0.6613118653236517,4.516810977668935e-13,0.29473866718470926,-0.7911475339570399,-2.370451588948408,0.0
0.124,0.0,0.0,0.0,-0.6845471059286887,-0.7289686274214116,-1.0,0.52,0.24,0.08374322559219596,-0.7289686274214116,-0.6845471059286887,5.250935277974209e-13,0.2974207871193027,-0.8117852123966625,1.1140086332623589,0.0
0.125,0.0,0.0,0.0,-0.7071067811865475,-0.7071067811865477,-1.0,0.5,0.25,0.0820849986238988,-0.7071067811865477,-0.7071067811865475,6.101936677605324e-13,0.3001054387190354,-0.8314696123025452,0.2542590835336171,0.0
0.126,0.0,0.0,0.0,-0.7289686274214113,-0.684547105928689,-1.0,0.48,0.26,0.08045960674953244,-0.684547105928689,-0.7289686274214113,7.088021232985038e-13,0.30279256741737176,-0.8501751061438416,0.3337028348501489,0.0
0.127,0.0,0.0,0.0,-0.7501110696304595,-0.6613118653236519,-1.0,0.45999999999999996,0.27,0.07886639979067495,-0.6613118653236519,-0.7501110696304595,8.230166200220784e-13,0.30548211853284524,-0.8678771503971032,-0.3061287562033488,0.0
0.128,0.0,0.0,0.0,-0.7705132427757894,-0.6374239897486895,-1.0,0.43999999999999995,0.28,0.07730474044329974,-0.6374239897486895,-0.7705132427757894,9.552531605297848e-13,0.30817403727046633,-0.8845523208074875,0.42399147944726145,0.0
0.129,0.0,0.0,0.0,-0.7901550123756904,-0.6129070536529765,-1.0,0.41999999999999993,0.29000000000000004,0.07577400402284548,-0.6129070536529765,-0.7901550123756904,1.1082931353541183e-12,0.3108682687231355,-0.9001783465085677,1.5499752404828213,0.0
0.13,0.0,0.0,0.0,-0.8090169943749473,-0.5877852522924732,-1.0,0.3999999999999999,0.30000000000000004,0.07427357821433388,-0.5877852522924732,-0.8090169943749473,1.2853372251336503e-12,0.3135647578730589,-0.9147341429493943,-1.9208876644886757,0.0
0.131,0.0,0.0,0.0,-0.8270805742745616,-0.5620833778521309,-1.0,0.3799999999999999,0.31000000000000005,0.07280286282743559,-0.5620833778521309,-0.8270805742745616,1.490067045505438e-12,0.3162634495931695,-0.928199843578495,-0.5280340657529617,0.0
0.132,0.0,0.0,0.0,-0.8443279255020153,-0.5358267949789963,-1.0,0.3599999999999999,0.32000000000000006,0.07136126955638605,-0.5358267949789963,-0.8443279255020153,1.7267156154687624e-12,0.31896428864855025,-0.940556830235592,-0.007939274670946144,0.0
0.133,0.0,0.0,0.0,-0.8607420270039438,-0.5090414157503711,-1.0,0.33999999999999986,0.33000000000000007,0.06994822174465536,-0.5090414157503711,-0.8607420270039438,2.0001478762037805e-12,0.3216672196978627,-0.951787762202986,-0.17599806119164318,0.0
0.134,0.0,0.0,0.0,-0.8763066800438636,-0.48175367410171527,-1.0,0.31999999999999984,0.3400000000000001,0.06856315415427791,-0.48175367410171527,-0.8763066800438636,2.3159526526844042e-12,0.32437218729477857,-0.9618766038698222,-0.7057575259761724,0.0
0.135,0.0,0.0,0.0,-0.8910065241883678,-0.4539904997395469,-1.0,0.2999999999999998,0.3500000000000001,0.06720551273974976,-0.4539904997395469,-0.8910065241883678,2.680547637312607e-12,0.3270791358894152,-0.9708086509637455,-0.39927976060690834,0.0
0.136,0.0,0.0,0.0,-0.9048270524660198,-0.42577929156507216,-1.0,0.2799999999999998,0.3600000000000001,0.06587475442640295,-0.42577929156507216,-0.9048270524660198,3.101299185919418e-12,0.3297880098297751,-0.9785705553058763,-2.96388556176472,0.0
0.137,0.0,0.0,0.0,-0.9177546256839813,-0.3971478906347803,-1.0,0.2599999999999998,0.3700000000000001,0.06457034689316847,-0.3971478906347803,-0.9177546256839813,3.586658954850322e-12,0.3324987533631882,-0.9851503480464782,-0.44585090746406236,0.0
0.138,0.0,0.0,0.0,-0.9297764858882515,-0.3681245526846778,-1.0,0.23999999999999977,0.3800000000000001,0.0632917683596407,-0.3681245526846778,-0.9297764858882515,4.146319676863116e-12,0.33521131063775916,-0.990537461340242,-0.4096952122785565,0.0
0.139,0.0,0.0,0.0,-0.9408807689542255,-0.33873792024529137,-1.0,0.21999999999999975,0.3900000000000001,0.06203850737735829,-0.33873792024529137,-0.9408807689542255,4.7913926770013536e-12,0.3379256257038167,-0.9947227484217054,-0.863792348221299,0.0
0.14,0.0,0.0,0.0,-0.9510565162951535,-0.30901699437494756,-1.0,0.19999999999999973,0.40000000000000013,0.06081006262521795,-0.30901699437494756,-0.9510565162951535,5.5346100717010135e-12,0.340641642515368,-0.9976985020430021,-0.11433138458793274,0.0
0.141,0.0,0.0,0.0,-0.960293685676943,-0.2789911060392296,-1.0,0.18000000000000016,0.4099999999999999,0.05960594270893937,-0.2789911060392296,-0.960293685676943,6.390554979873853e-12,0.3433593049315551,-0.9994584712378789,-0.23934833138372438,0.0
0.142,0.0,0.0,0.0,-0.968583161128631,-0.2486898871648553,-1.0,0.16000000000000014,0.41999999999999993,0.05842566596450083,-0.2486898871648553,-0.968583161128631,7.375923508873931e-12,0.3460785567181159,-0.9999978763777119,-1.9319965820238783,0.0
0.143,0.0,0.0,0.0,-0.9759167619387472,-0.21814324139654323,-1.0,0.14000000000000012,0.42999999999999994,0.05726876026546736,-0.21814324139654323,-0.9759167619387472,8.50982276699679e-12,0.3487993415488481,-0.9993134224871347,2.105144900671401,0.0
0.144,0.0,0.0,0.0,-0.9822872507286885,-0.1873813145857255,-1.0,0.1200000000000001,0.43999999999999995,0.056134762834133725,-0.1873813145857255,-0.9822872507286885,9.81410970406499e-12,0.35152160300707647,-0.9974033107888094,0.7473802092664771,0.0
0.145,0.0,0.0,0.0,-0.9876883405951377,-0.15643446504023104,-1.0,0.10000000000000009,0.44999999999999996,0.05502322005640723,-0.15643446504023104,-0.9876883405951377,1.1313776200065328e-11,0.3542452845871236,-0.9942672484488668,-0.042995077698594196,0.0
0.146,0.0,0.0,0.0,-0.9921147013144778,-0.1253332335643046,-1.0,0.08000000000000007,0.45999999999999996,0.05393368730035602,-0.1253332335643046,-0.9921147013144778,1.303738651690053e-11,0.35697032969578407,-0.9899064564965873,-1.1626814457433787,0.0
0.147,0.0,0.0,0.0,-0.99556196460308,-0.09410831331851485,-1.0,0.06000000000000005,0.47,0.05286572873835037,-0.09410831331851485,-0.99556196460308,1.5017574009221143e-11,0.3596966816538013,-0.9843236758939985,-0.5700035811579994,0.0
0.148,0.0,0.0,0.0,-0.9980267284282716,-0.0627905195293141,-1.0,0.040000000000000036,0.48,0.05181891717272583,-0.0627905195293141,-0.9980267284282716,1.7291604867152327e-11,0.3624242836973482,-0.9775231717332201,-0.10949759883089763,0.0
0.149,0.0,0.0,0.0,-0.9995065603657316,-0.0314107590781283,-1.0,0.020000000000000018,0.49,0.0507928338648985,-0.0314107590781283,-0.9995065603657316,1.9902017647819294e-11,0.3651530789795105,-0.9695107355416008,1.280038375792101,0.0
0.15,0.0,0.0,0.0,-1.0,-1.8369701987210297e-16,-1.0,0.0,0.5,0.049787068367863944,-1.8369701987210297e-16,-1.0,2.289734845645553e-11,0.3678830105717742,-0.9602936856769431,-0.940474030037756,0.0
0.151,0.0,0.0,0.0,-0.9995065603657316,0.03141075907812793,-1.0,-0.020000000000000018,0.51,0.04880121836201296,0.03141075907812793,-0.9995065603657316,2.633295287549553e-11,0.3706140214655144,-0.9498808657974227,-0.4460824472331189,0.0
0.152,0.0,0.0,0.0,-0.9980267284282716,0.06279051952931283,-1.0,-0.040000000000000036,0.52,0.04783488949419837,0.06279051952931283,-0.9980267284282716,3.0271937126909755e-11,0.3733460545734883,-0.9382826413931542,1.969635789190808,0.0
0.153,0.0,0.0,0.0,-0.9955619646030801,0.0941083133185136,-1.0,-0.06000000000000005,0.53,0.046887695219988486,0.0941083133185136,-0.9955619646030801,3.4786212506325875e-11,0.37607905273133124,-0.9255108943687523,0.20622108097844885,0.0
0.154,0.0,0.0,0.0,-0.9921147013144779,0.12533323356430423,-1.0,-0.08000000000000007,0.54,0.045959256649044204,0.12533323356430423,-0.9921147013144779,3.9957688866278e-11,0.37881295869905535,-0.9115790156686563,-1.4249303374165068,0.0
0.155,0.0,0.0,0.0,-0.9876883405951378,0.15643446504023067,-1.0,-0.10000000000000009,0.55,0.0450492023935578,0.15643446504023067,-0.9876883405951378,4.5879624871392916e-11,0.38154771516255087,-0.8965018959394677,-0.9173216994405778,0.0
0.156,0.0,0.0,0.0,-0.9822872507286887,0.18738131458572427,-1.0,-0.1200000000000001,0.56,0.04415716841969286,0.18738131458572427,-0.9822872507286887,5.2658154923892014e-11,0.3842832647350909,-0.880295914226036,0.24506227627983007,0.0
0.157,0.0,0.0,0.0,-0.9759167619387475,0.218143241396542,-1.0,-0.14000000000000012,0.5700000000000001,0.043282797901965896,0.218143241396542,-0.9759167619387475,6.041401508942625e-11,0.3870195499588383,-0.8629789247005669,0.029633196385091203,0.0
0.158,0.0,0.0,0.0,-0.9685831611286311,0.24868988716485493,-1.0,-0.16000000000000014,0.5800000000000001,0.042425741080511385,0.24868988716485493,-0.9685831611286311,6.928449306969014e-11,0.3897565133063559,-0.8445702414265801,-0.16500738481954624,0.0
0.159,0.0,0.0,0.0,-0.9602936856769431,0.2789911060392292,-1.0,-0.18000000000000016,0.5900000000000001,0.04158565512117316,0.2789911060392292,-0.9602936856769431,7.942563030126899e-11,0.3924940971821197,-0.8250906211621348,-1.4642698053329022,0.0
0.16,0.0,0.0,0.0,-0.9510565162951536,0.30901699437494723,-1.0,-0.20000000000000018,0.6000000000000001,0.04076220397836621,0.30901699437494723,-0.9510565162951536,9.101470764487935e-11,0.39523224392403317,-0.8045622442093232,0.7532032551935766,0.0
0.161,0.0,0.0,0.0,-0.9408807689542256,0.33873792024529104,-1.0,-0.2200000000000002,0.6100000000000001,0.039955058260653896,0.33873792024529104,-0.9408807689542256,1.042530499043872e-10,0.39797089580494616,-0.7830086933196845,0.9531359692428456,0.0
0.162,0.0,0.0,0.0,-0.9297764858882512,0.36812455268467825,-1.0,-0.2400000000000002,0.6200000000000001,0.039163895098987066,0.36812455268467825,-0.9297764858882512,1.19369188623572e-10,0.4007099950341751,-0.7604549306677924,-1.2998268400446291,0.0
0.163,0.0,0.0,0.0,-0.917754625683981,0.39714789063478073,-1.0,-0.26000000000000023,0.6300000000000001,0.038388398017552054,0.39714789063478073,-0.917754625683981,1.3662242729784882e-10,0.40344948375902634,-0.7369272729079468,-1.571901774058041,0.0
0.164,0.0,0.0,0.0,-0.9048270524660196,0.4257792915650726,-1.0,-0.28000000000000025,0.6400000000000001,0.0376282568071762,0.4257792915650726,-0.9048270524660196,1.563068583601908e-10,0.40618930406632164,-0.7124533643315348,-0.855632070310939,0.0
0.165,0.0,0.0,0.0,-0.891006524188368,0.45399049973954664,-1.0,-0.30000000000000027,0.6500000000000001,0.036883167401239994,0.45399049973954664,-0.891006524188368,1.7875588711279812e-10,0.4089293979839264,-0.6870621481452903,-0.9440906756102615,0.0
0.166,0.0,0.0,0.0,-0.8763066800438634,0.4817536741017157,-1.0,-0.3200000000000003,0.6600000000000001,0.03615283175404641,0.4817536741017157,-0.8763066800438634,2.0434732424191526e-10,0.41166970748228005,-0.6607838358933352,-0.1897325136431811,0.0
0.167,0.0,0.0,0.0,-0.8607420270039434,0.5090414157503715,-1.0,-0.3400000000000003,0.6700000000000002,0.03543695772159864,0.5090414157503715,-0.8607420270039434,2.3350911574230815e-10,0.4144101744759286,-0.6336498750485633,-1.7687364451355134,0.0
0.168,0.0,0.0,0.0,-0.844327925502015,0.5358267949789968,-1.0,-0.3600000000000003,0.6800000000000002,0.03473525894473856,0.5358267949789968,-0.844327925502015,2.667257870669008e-10,0.4171507408250608,-0.60569291480154,0.5736770389268859,0.0
0.169,0.0,0.0,0.0,-0.8270805742745618,0.5620833778521306,-1.0,-0.38000000000000034,0.6900000000000002,0.034047454734599344,0.5620833778521306,-0.8270805742745618,3.0454568719019405e-10,0.4198913483370444,-0.5769467700777664,-0.3978397342439951,0.0
0.17,0.0,0.0,0.0,-0.8090169943749476,0.5877852522924729,-1.0,-0.40000000000000036,0.7000000000000002,0.03337326996032608,0.5877852522924729,-0.8090169943749476,3.475891281239922e-10,0.4226319387679663,-0.547446383816752,-0.2066466406231116,0.0
0.171,0.0,0.0,0.0,-0.7901550123756901,0.6129070536529769,-1.0,-0.4200000000000004,0.7100000000000002,0.03271243493901982,0.6129070536529769,-0.7901550123756901,3.965575263521834e-10,0.42537245382417455,-0.5172277875489738,0.8265394559125993,0.0
0.172,0.0,0.0,0.0,-0.7705132427757896,0.6374239897486893,-1.0,-0.4399999999999995,0.7199999999999998,0.03206468532786077,0.6374239897486893,-0.7705132427757896,4.5224366476950744e-10,0.4281128351638217,-0.4863280603093671,-0.7866391269058349,0.0
0.173,0.0,0.0,0.0,-0.75011106963046,0.6613118653236513,-1.0,-0.45999999999999996,0.73,0.03142976201836771,0.6613118653236513,-0.75011106963046,5.15543207139699e-10,0.4308530243984122,-0.45478528592854667,1.4334412260380074,0.0
0.174,0.0,0.0,0.0,-0.7289686274214121,0.684547105928688,-1.0,-0.47999999999999954,0.7399999999999998,0.030807411032751076,0.684547105928688,-0.7289686274214121,5.874676119650493e-10,0.4335929630943488,-0.4226385087455353,-0.34159146163463394,0.0
0.175,0.0,0.0,0.0,-0.7071067811865477,0.7071067811865474,-1.0,-0.5,0.75,0.0301973834223185,0.7071067811865474,-0.7071067811865477,6.691586091292782e-10,0.4363325927744836,-0.3899276877881884,0.10888849075495056,0.0
0.176,0.0,0.0,0.0,-0.684547105928689,0.7289686274214112,-1.0,-0.5199999999999996,0.7599999999999998,0.029599435167892,0.7289686274214112,-0.684547105928689,7.619044208991638e-10,0.43907185491967005,-0.35669364947007465,0.2762673029367731,0.0
0.177,0.0,0.0,0.0,-0.6613118653236523,0.7501110696304591,-1.0,-0.54,0.77,0.029013327082197053,0.7501110696304591,-0.6613118653236523,8.671579290234137e-10,0.44181069097031667,-0.32297803885488086,-0.3555208345874932,0.0
0.178,0.0,0.0,0.0,-0.6374239897486903,0.7705132427757888,-1.0,-0.5599999999999996,0.7799999999999998,0.028438824714184505,0.7705132427757888,-0.6374239897486903,9.865570119419474e-10,0.44454904232794296,-0.288823269541894,1.711617681291112,0.0
0.179,0.0,0.0,0.0,-0.6129070536529765,0.7901550123756903,-1.0,-0.5800000000000001,0.79,0.027875698255247015,0.7901550123756903,-0.6129070536529765,1.1219473007247633e-09,0.4472868503567368,-0.25427247222834004,1.1858156563167401,0.0
0.18,0.0,0.0,0.0,-0.5877852522924734,0.8090169943749473,-1.0,-0.5999999999999996,0.7999999999999998,0.02732372244729256,0.8090169943749473,-0.5877852522924734,1.2754076295260442e-09,0.4500240563851147,-0.21936944200672692,-1.0838998572255856,0.0
0.181,0.0,0.0,0.0,-0.5620833778521309,0.8270805742745616,-1.0,-0.6200000000000001,0.81,0.026782676492638175,0.8270805742745616,-0.5620833778521309,1.4492784863158007e-09,0.45276060170728166,-0.18415858445748443,0.5499087830392851,0.0
0.182,0.0,0.0,0.0,-0.5358267949789971,0.8443279255020147,-1.0,-0.6399999999999997,0.8199999999999998,0.02625234396568796,0.8443279255020147,-0.5358267949789971,1.6461938027106935e-09,0.45549642758479447,-0.1486848605994234,0.6801788937532196,0.0
0.183,0.0,0.0,0.0,-0.509041415750372,0.8607420270039433,-1.0,-0.6600000000000001,0.8300000000000001,0.02573251272635994,0.8607420270039433,-0.509041415750372,1.869116458164138e-09,0.4582314752481266,-0.11299373076256006,-0.5806639550790841,0.0
0.184,0.0,0.0,0.0,-0.4817536741017153,0.8763066800438636,-1.0,-0.6799999999999997,0.8399999999999999,0.025222974835227212,0.8763066800438636,-0.4817536741017153,2.1213779139165897e-09,0.4609656858982333,-0.07713109744997537,0.4646760604975935,0.0
0.185,0.0,0.0,0.0,-0.45399049973954697,0.8910065241883678,-1.0,-0.7000000000000002,0.8500000000000001,0.024723526470339388,0.8910065241883678,-0.45399049973954697,2.406722436301052e-09,0.46369900070811987,-0.04114324725723547,1.047115892134534,0.0
0.186,0.0,0.0,0.0,-0.425779291565073,0.9048270524660194,-1.0,-0.7199999999999998,0.8599999999999999,0.024233967845691113,0.9048270524660194,-0.425779291565073,2.7293564176286634e-09,0.4664313608244102,-0.005076791919898127,0.5959154269941382,0.0
0.187,0.0,0.0,0.0,-0.3971478906347812,0.9177546256839809,-1.0,-0.7400000000000002,0.8700000000000001,0.023754103131304997,0.9177546256839809,-0.3971478906347812,3.0940033563592062e-09,0.46916270736891785,0.031021391438665932,-1.193819434111578,0.0
0.188,0.0,0.0,0.0,-0.36812455268467786,0.9297764858882515,-1.0,-0.7599999999999998,0.8799999999999999,0.023283740374897,0.9297764858882515,-0.36812455268467786,3.505965117042003e-09,0.4718929814402169,0.06710422078508413,0.2779748987406102,0.0
0.189,0.0,0.0,0.0,-0.3387379202452914,0.9408807689542255,-1.0,-0.7800000000000002,0.8900000000000001,0.02282269142509297,0.9408807689542255,-0.3387379202452914,3.971190155082795e-09,0.47462212411521604,0.10312447030380283,0.429350368381796,0.0
0.19,0.0,0.0,0.0,-0.3090169943749477,0.9510565162951535,-1.0,-0.7999999999999998,0.8999999999999999,0.02237077185616559,0.9510565162951535,-0.3090169943749477,4.49634946228087e-09,0.4773500764507325,0.13903483209767326,-0.9003334573377006,0.0
0.191,0.0,0.0,0.0,-0.27899110603922966,0.960293685676943,-1.0,-0.8200000000000003,0.9100000000000001,0.02192780089426161,0.960293685676943,-0.27899110603922966,5.088921066861968e-09,0.48007677948506844,0.17478797838264853,-1.3125719103170652,0.0
0.192,0.0,0.0,0.0,-0.2486898871648545,0.9685831611286312,-1.0,-0.8399999999999999,0.9199999999999999,0.021493601345089923,0.9685831611286312,-0.2486898871648545,5.757284007027173e-09,0.4828021742395872,0.2103366240964995,-0.24719120676773004,0.0
0.193,0.0,0.0,0.0,-0.21814324139654243,0.9759167619387474,-1.0,-0.8600000000000003,0.9300000000000002,0.021067999523041434,0.9759167619387474,-0.21814324139654243,6.510822790517173e-09,0.4855262017202918,0.2456335898402552,1.221553942800693,0.0
0.194,0.0,0.0,0.0,-0.18738131458572468,0.9822872507286887,-1.0,-0.8799999999999999,0.94,0.020650825181712566,0.9822872507286887,-0.18738131458572468,7.360043455081694e-09,0.48824880291940437,0.280631865069802,1.4683074999210124,0.0
0.195,0.0,0.0,0.0,-0.1564344650402311,0.9876883405951377,-1.0,-0.9000000000000004,0.9500000000000002,0.02024191144580439,0.9876883405951377,-0.1564344650402311,8.316702456828333e-09,0.49096991881694585,0.3152846714541036,-0.8568941656820227,0.0
0.196,0.0,0.0,0.0,-0.12533323356430465,0.9921147013144778,-1.0,-0.9199999999999999,0.96,0.019841094744370288,0.9921147013144778,-0.12533323356430465,9.393949736049535e-09,0.49368949038231824,0.34954552631542546,-0.22673750025973186,0.0
0.197,0.0,0.0,0.0,-0.09410831331851403,0.99556196460308,-1.0,-0.9400000000000004,0.9700000000000002,0.01944821474538539,0.99556196460308,-0.09410831331851403,1.0606487444203965e-08,0.49640745857588603,0.38336830606618366,-1.1421005700835838,0.0
0.198,0.0,0.0,0.0,-0.06279051952931326,0.9980267284282716,-1.0,-0.96,0.98,0.019063114291611637,0.9980267284282716,-0.06279051952931326,1.197074596224002e-08,0.4991237643505599,0.41670730955619895,-1.5460754380529227,0.0
0.199,0.0,0.0,0.0,-0.03141075907812836,0.9995065603657316,-1.0,-0.9800000000000004,0.9900000000000002,0.018685639337732773,0.9995065603657316,-0.03141075907812836,1.3505079000454302e-08,0.5018383486533808,0.4495173212435576,-0.32813083032632623,0.0
0.2,0.0,0.0,0.0,-2.4492935982947064e-16,1.0,-1.0,-1.0,-1.0,0.01831563888873418,1.0,-2.4492935982947064e-16,1.522997974471263e-08,0.5045511524271047,0.48175367410171566,-0.21481134964901108,1.0
0.201,0.0,0.0,0.0,0.03141075907812876,0.9995065603657315,1.0,-0.9799999999999995,-0.9899999999999998,0.01795296493950285,0.9995065603657315,0.03141075907812876,1.716832020435101e-08,0.5072621166117889,0.5133723121750887,0.6578527183703001,0.0
0.202,0.0,0.0,0.0,0.06279051952931367,0.9980267284282716,1.0,-0.96,-0.98,0.017597472415623393,0.9980267284282716,0.06279051952931367,1.934561612473004e-08,0.5099711821463776,0.5443298526950728,0.2656148733662137,0.0
0.203,0.0,0.0,0.0,0.09410831331851442,0.99556196460308,1.0,-0.9399999999999995,-0.9699999999999998,0.017249019115346265,0.99556196460308,0.09410831331851442,2.1790320053650013e-08,0.51267828997029,0.5745836476682753,0.00732527590066716,0.0
0.204,0.0,0.0,0.0,0.1253332335643033,0.992114701314478,1.0,-0.9199999999999999,-0.96,0.01690746565270528,0.992114701314478,0.1253332335643033,2.453414539715462e-08,0.5153833810250072,0.6040918448486604,-0.44982631204244344,0.0
0.205,0.0,0.0,0.0,0.15643446504023062,0.9876883405951378,1.0,-0.9000000000000004,-0.9500000000000002,0.016572675401761255,0.9876883405951378,0.15643446504023062,2.761242456828035e-08,0.518086396255662,0.6328134480054451,-1.095842307233263,0.0
0.206,0.0,0.0,0.0,0.1873813145857242,0.9822872507286887,1.0,-0.8799999999999999,-0.94,0.01624451444194987,0.9822872507286887,0.1873813145857242,3.1064504623776206e-08,0.520787276612626,0.6607083763986955,0.3822398265482637,0.0
0.207,0.0,0.0,0.0,0.21814324139654195,0.9759167619387475,1.0,-0.8600000000000003,-0.9300000000000002,0.015922851504511698,0.9759167619387475,0.21814324139654195,3.493418410057645e-08,0.5234859630531007,0.687737523374958,1.401719452642243,0.0
0.208,0.0,0.0,0.0,0.24868988716485402,0.9685831611286313,1.0,-0.8399999999999999,-0.9199999999999999,0.01560755791998283,0.9685831611286313,0.24868988716485402,3.927019510784411e-08,0.5261823965427067,0.7138628139957242,0.4400505296442702,0.0
0.209,0.0,0.0,0.0,0.27899110603922833,0.9602936856769433,1.0,-0.8200000000000003,-0.9100000000000001,0.015298507566725518,0.9602936856769433,0.27899110603922833,4.412673510381484e-08,0.5288765180570737,0.7390472616120125,0.5480065602810779,0.0
0.21,0.0,0.0,0.0,0.3090169943749472,0.9510565162951536,1.0,-0.7999999999999998,-0.8999999999999999,0.014995576820477703,0.9510565162951536,0.3090169943749472,4.956405319172498e-08,0.5315682685834323,0.7632550232991784,-1.13996621525184,0.0
0.211,0.0,0.0,0.0,0.338737920245291,0.9408807689542257,1.0,-0.7800000000000002,-0.8900000000000001,0.014698644504901784,0.9408807689542257,0.338737920245291,5.564909620820246e-08,0.5342575891222038,0.786451454066792,-0.2816664648074943,0.0
0.212,0.0,0.0,0.0,0.36812455268467736,0.9297764858882517,1.0,-0.7599999999999998,-0.8799999999999999,0.01440759184311235,0.9297764858882517,0.36812455268467736,6.245622035317746e-08,0.5369444206885922,0.8086031597594717,-0.35312654701649737,0.0
0.213,0.0,0.0,0.0,0.3971478906347799,0.9177546256839815,1.0,-0.7400000000000002,-0.8700000000000001,0.014122302410163962,0.9177546256839815,0.3971478906347799,7.006797462536955e-08,0.5396287043141756,0.8296780485655785,0.5442392161578129,0.0
0.214,0.0,0.0,0.0,0.42577929156507255,0.9048270524660196,1.0,-0.7199999999999998,-0.8599999999999999,0.013842662086479501,0.9048270524660196,0.42577929156507255,7.857596288459753e-08,0.5423103810484979,0.8496453810519552,1.7477482534526525,0.0
0.215,0.0,0.0,0.0,0.4539904997395465,0.891006524188368,1.0,-0.7000000000000002,-0.8500000000000001,0.013568559012200934,0.891006524188368,0.4539904997395465,8.808179196460557e-08,0.5449893919606601,0.8684758186442137,1.864986952573196,0.0
0.216,0.0,0.0,0.0,0.4817536741017149,0.8763066800438638,1.0,-0.6799999999999997,-0.8399999999999999,0.013299883542443767,0.8763066800438638,0.4817536741017149,9.869811391105964e-08,0.5476656781409125,0.8861414704735592,-0.7838099998996677,0.0
0.217,0.0,0.0,0.0,0.5090414157503708,0.860742027003944,1.0,-0.6600000000000001,-0.8300000000000001,0.013036528203437736,0.860742027003944,0.5090414157503708,1.1054977112226558e-07,0.5503391807022472,0.9026159385127386,0.08139032815133143,0.0
0.218,0.0,0.0,0.0,0.5358267949789967,0.8443279255020151,1.0,-0.6399999999999997,-0.8199999999999998,0.01277838764953576,0.8443279255020151,0.5358267949789967,1.2377505392864615e-07,0.5530098407819891,0.9178743609254555,-0.28006668551724934,0.0
0.219,0.0,0.0,0.0,0.5620833778521305,0.8270805742745618,1.0,-0.6200000000000001,-0.81,0.012525358621074385,0.8270805742745618,0.5620833778521305,1.385270809649154e-07,0.5556775995433878,0.9318934535554056,-0.9823693416783965,0.0
0.22,0.0,0.0,0.0,0.5877852522924729,0.8090169943749476,1.0,-0.5999999999999996,-0.7999999999999998,0.012277339903068436,0.8090169943749476,0.5877852522924729,1.5497531357028967e-07,0.5583423981772098,0.944651549483117,1.431024648403837,0.0
0.221,0.0,0.0,0.0,0.6129070536529762,0.7901550123756906,1.0,-0.5800000000000001,-0.79,0.012034232284723775,0.7901550123756906,0.6129070536529762,1.7330721640121203e-07,0.5610041779033298,0.9561286365808471,-1.6526710247254568,0.0
0.222,0.0,0.0,0.0,0.63742398974869,0.770513242775789,1.0,-0.5599999999999996,-0.7799999999999998,0.011795938519751562,0.770513242775789,0.63742398974869,1.9373007746248273e-07,0.5636628799723218,0.966306392998035,1.910197883771594,0.0
0.223,0.0,0.0,0.0,0.6613118653236519,0.7501110696304595,1.0,-0.54,-0.77,0.011562363287468536,0.7501110696304595,0.6613118653236519,2.1647300186109765e-07,0.5663184456670506,0.9751682205121297,1.145734416336836,0.0
0.224,0.0,0.0,0.0,0.6845471059286886,0.7289686274214116,1.0,-0.5199999999999996,-0.7599999999999998,0.011333413154667387,0.7289686274214116,0.6845471059286886,2.417890947674722e-07,0.5689708163042618,0.9826992756821037,0.3335332808058216,0.0
0.225,0.0,0.0,0.0,0.7071067811865474,0.7071067811865477,1.0,-0.5,-0.75,0.011108996538242306,0.7071067811865477,0.7071067811865474,2.699578503363014e-07,0.5716199332361733,0.9888864987445046,0.6297911194656658,0.0
0.226,0.0,0.0,0.0,0.7289686274214112,0.684547105928689,1.0,-0.47999999999999954,-0.7399999999999998,0.01088902366855444,0.684547105928689,0.7289686274214112,3.0128776469953434e-07,0.5742657378520647,0.9937186401946168,2.5939211422292403,0.0
0.227,0.0,0.0,0.0,0.7501110696304597,0.6613118653236517,1.0,-0.45999999999999996,-0.73,0.010673406553522925,0.6613118653236517,0.7501110696304597,3.361191926025446e-07,0.5769081715798666,0.9971862849980737,1.8201517369010305,0.0
0.228,0.0,0.0,0.0,0.7705132427757893,0.6374239897486896,1.0,-0.4399999999999995,-0.7199999999999998,0.010462058943426795,0.6374239897486896,0.7705132427757893,3.7482746881752343e-07,0.5795471758877502,0.9992818743811892,0.9975299746276262,0.0
0.229,0.0,0.0,0.0,0.7901550123756903,0.6129070536529766,1.0,-0.41999999999999993,-0.71,0.010254896296404022,0.6129070536529766,0.7901550123756903,4.1782631714166553e-07,0.5821826922857155,0.9999997251512692,1.6371486472641352,0.0
0.23,0.0,0.0,0.0,0.8090169943749472,0.5877852522924734,1.0,-0.39999999999999947,-0.6999999999999997,0.010051835744633576,0.5877852522924734,0.8090169943749472,4.6557157157830866e-07,0.5848146623271794,0.9993360465012807,-0.9789408546194401,0.0
0.231,0.0,0.0,0.0,0.827080574274562,0.5620833778521303,1.0,-0.3799999999999999,-0.69,0.009852796061187257,0.5620833778521303,0.827080574274562,5.185652362136098e-07,0.5874430276105632,0.9972889542564582,-1.4182580440641324,0.0
0.232,0.0,0.0,0.0,0.8443279255020152,0.5358267949789964,1.0,-0.35999999999999943,-0.6799999999999997,0.009657697627537777,0.5358267949789964,0.8443279255020152,5.773599123465929e-07,0.5900677297808786,0.9938584825237262,-1.0896838122576749,0.0
0.233,0.0,0.0,0.0,0.8607420270039436,0.5090414157503712,1.0,-0.33999999999999986,-0.6699999999999999,0.009466462401710323,0.5090414157503712,0.8607420270039436,6.425636236137049e-07,0.5926887105313143,0.9890465927082109,-1.652858325121901,0.0
0.234,0.0,0.0,0.0,0.8763066800438636,0.4817536741017154,1.0,-0.3199999999999994,-0.6599999999999997,0.009279013887064744,0.4817536741017154,0.8763066800438636,7.1484507217795e-07,0.5953059116048204,0.9828571798645774,0.45982233972977493,0.0
0.235,0.0,0.0,0.0,0.8910065241883678,0.453990499739547,1.0,-0.3000000000000007,-0.6500000000000004,0.009095277101695816,0.453990499739547,0.8910065241883678,7.949393615349141e-07,0.5979192747956933,0.9752960763544984,1.12710357183772,0.0
0.236,0.0,0.0,0.0,0.9048270524660194,0.42577929156507305,1.0,-0.28000000000000025,-0.6400000000000001,0.008915178548439553,0.42577929156507305,0.9048270524660194,8.836542241315629e-07,0.6005287419511588,0.96637105278518,-0.2893824207964986,0.0
0.237,0.0,0.0,0.0,0.9177546256839809,0.39714789063478123,1.0,-0.2599999999999998,-0.6299999999999999,0.00873864618547329,0.39714789063478123,0.9177546256839809,9.818767948068164e-07,0.6031342549729547,0.9560918162075926,-1.270869277950303,0.0
0.238,0.0,0.0,0.0,0.9297764858882511,0.36812455268467875,1.0,-0.2400000000000002,-0.6200000000000001,0.00856560939749806,0.36812455268467875,0.9297764858882511,1.0905809740539829e-06,0.605735755818912,0.944470005556811,1.9130275591278538,0.0
0.239,0.0,0.0,0.0,0.9408807689542251,0.3387379202452923,1.0,-0.22000000000000064,-0.6100000000000003,0.00839599896749147,0.3387379202452923,0.9408807689542251,1.2108354282827543e-06,0.6083331865045359,0.9315191843207103,-0.6616285640778407,0.0
0.24,0.0,0.0,0.0,0.9510565162951535,0.30901699437494773,1.0,-0.20000000000000018,-0.6000000000000001,0.00822974704902003,0.30901699437494773,0.9510565162951535,1.3438122776315214e-06,0.6109264891045848,0.9172548304271767,0.35173210416876477,0.0
0.241,0.0,0.0,0.0,0.960293685676943,0.2789911060392297,1.0,-0.17999999999999972,-0.5899999999999999,0.008066787139099614,0.2789911060392297,0.960293685676943,1.4907965254580707e-06,0.6135156057546487,0.9016943233439135,-0.9876790441042606,0.0
0.242,0.0,0.0,0.0,0.968583161128631,0.2486898871648554,1.0,-0.16000000000000014,-0.5800000000000001,0.007907054051593441,0.2486898871648554,0.968583161128631,1.653196287427534e-06,0.6161004786527265,0.8848569283889403,-0.04770122123347111,0.0
0.243,0.0,0.0,0.0,0.9759167619387472,0.21814324139654337,1.0,-0.14000000000000057,-0.5700000000000003,0.007750483891136692,0.21814324139654337,0.9759167619387472,1.8325538821297706e-06,0.6186810500608021,0.866763778253895,-1.4984652171607689,0.0
0.244,0.0,0.0,0.0,0.9822872507286886,0.18738131458572474,1.0,-0.1200000000000001,-0.56,0.007597014027577567,0.18738131458572474,0.9822872507286886,2.0305578494036836e-06,0.6212572623064182,0.8474378517463791,-0.0374087429874489,0.0
0.245,0.0,0.0,0.0,0.9876883405951377,0.15643446504023117,1.0,-0.09999999999999964,-0.5499999999999998,0.007446583070924338,0.15643446504023117,0.9876883405951377,2.2490559670323425e-06,0.6238290577842512,0.8269039497616197,0.41234204529977964,0.0
0.246,0.0,0.0,0.0,0.9921147013144778,0.12533323356430473,1.0,-0.08000000000000007,-0.54,0.007299130846788583,0.12533323356430473,0.9921147013144778,2.4900693412097526e-06,0.6263963789576816,0.8051886684979028,-0.538629647169737,0.0
0.247,0.0,0.0,0.0,0.99556196460308,0.09410831331851498,1.0,-0.0600000000000005,-0.5300000000000002,0.007154598372314579,0.09410831331851498,0.99556196460308,2.7558076511768366e-06,0.6289591683603659,0.7823203699343827,0.26989322581051534,0.0
0.248,0.0,0.0,0.0,0.9980267284282716,0.06279051952931332,1.0,-0.040000000000000036,-0.52,0.007012927832585425,0.06279051952931332,0.9980267284282716,3.0486856336898613e-06,0.6315173685978052,0.7583291495940059,0.45745152715762444,0.0
0.249,0.0,0.0,0.0,0.9995065603657316,0.031410759078128424,1.0,-0.019999999999999574,-0.5099999999999998,0.006874062557496249,0.031410759078128424,0.9995065603657316,3.371340898528167e-06,0.6340709223489129,0.7332468016185077,0.21207358890450598,0.0
0.25,0.0,0.0,0.0,1.0,3.061616997868383e-16,1.0,0.0,-0.5,0.006737946999085467,3.061616997868383e-16,1.0,3.726653172078671e-06,0.6366197723675814,0.7071067811865483,0.5291657665355541,0.0
0.251,0.0,0.0,0.0,0.9995065603657316,-0.031410759078127806,1.0,0.019999999999999574,-0.4900000000000002,0.006604526709314805,-0.031410759078127806,0.9995065603657316,4.117765072160486e-06,0.6391638614842456,0.6799441643102982,-0.1437468496742254,0.0
0.252,0.0,0.0,0.0,0.9980267284282716,-0.06279051952931271,1.0,0.040000000000000036,-0.48,0.006473748318289405,-0.06279051952931271,0.9980267284282716,4.548104523682655e-06,0.6417031326074473,0.6517956050498784,-0.8806756625281325,0.0
0.253,0.0,0.0,0.0,0.99556196460308,-0.09410831331851437,1.0,0.0600000000000005,-0.46999999999999975,0.00634555951290911,-0.09410831331851437,0.99556196460308,5.021408931469322e-06,0.6442375287253951,0.6226992901892408,-1.9294071400371187,0.0
0.254,0.0,0.0,0.0,0.9921147013144779,-0.12533323356430412,1.0,0.08000000000000007,-0.45999999999999996,0.006219909015942573,-0.12533323356430412,0.9921147013144779,5.541751233646584e-06,0.6467669929075249,0.5926948914211575,-0.337411707035911,0.0
0.255,0.0,0.0,0.0,0.9876883405951377,-0.15643446504023142,1.0,0.09999999999999964,-0.4500000000000002,0.006096746565515633,-0.15643446504023142,0.9876883405951377,6.113567966371402e-06,0.6492914683060574,0.5618235150930967,0.5634784093702615,0.0
0.256,0.0,0.0,0.0,0.9822872507286886,-0.18738131458572502,1.0,0.1200000000000001,-0.43999999999999995,0.005976022895005943,-0.18738131458572502,0.9822872507286886,6.741689478400707e-06,0.6518108981575537,0.5301276495698026,-0.593871865185522,0.0
0.257,0.0,0.0,0.0,0.9759167619387473,-0.21814324139654276,1.0,0.14000000000000057,-0.4299999999999997,0.0058576897133356225,-0.21814324139654276,0.9759167619387473,7.431372442053728e-06,0.6543252257844696,0.497651110272405,-1.1611968827559793,0.0
0.258,0.0,0.0,0.0,0.9685831611286311,-0.24868988716485482,1.0,0.16000000000000014,-0.41999999999999993,0.005741699685654202,-0.24868988716485482,0.9685831611286311,8.1883348155182e-06,0.6568343945967084,0.46443898245780074,0.3448963968207375,0.0
0.259,0.0,0.0,0.0,0.9602936856769431,-0.2789911060392291,1.0,0.17999999999999972,-0.41000000000000014,0.005628006414404065,-0.2789911060392291,0.9602936856769431,9.018793420193055e-06,0.6593383480931702,0.4305375618060128,0.24323563126259962,0.0
0.26,0.0,0.0,0.0,0.9510565162951536,-0.3090169943749471,1.0,0.20000000000000018,-0.3999999999999999,0.0055165644207607716,-0.3090169943749471,0.9510565162951536,9.929504305851081e-06,0.6618370298633003,0.39599429288700944,0.8527912759474061,0.0
0.261,0.0,0.0,0.0,0.9408807689542257,-0.3387379202452909,1.0,0.22000000000000064,-0.3899999999999997,0.00540732912644096,-0.3387379202452909,0.9408807689542257,1.0927806085844945e-05,0.6643303835886355,0.3608577055822627,-0.568836525619758,0.0
0.262,0.0,0.0,0.0,0.9297764858882517,-0.3681245526846773,1.0,0.2400000000000002,-0.3799999999999999,0.005300256835870402,-0.3681245526846773,0.9297764858882517,1.202166643436898e-05,0.6668183530443486,0.32517734953996247,-0.45533951518604016,0.0
0.263,0.0,0.0,0.0,0.9177546256839808,-0.39714789063478145,1.0,0.2599999999999998,-0.3700000000000001,0.005195304718705231,-0.39714789063478145,0.9177546256839808,1.3219731947926079e-05,0.6693008821007894,0.2890037267464884,1.7258870792335566,0.0
0.264,0.0,0.0,0.0,0.9048270524660192,-0.4257792915650733,1.0,0.28000000000000025,-0.3599999999999999,0.00509243079269919,-0.4257792915650733,0.9048270524660192,1.453138158363136e-05,0.6717779147250252,0.2523882223001766,0.6719084912998721,0.0
0.265,0.0,0.0,0.0,0.8910065241883676,-0.4539904997395473,1.0,0.3000000000000007,-0.34999999999999964,0.004991593906910217,-0.4539904997395473,0.8910065241883676,1.5966783897804747e-05,0.6742493949823776,0.2153830334768812,0.9665202909291146,0.0
0.266,0.0,0.0,0.0,0.8763066800438634,-0.4817536741017156,1.0,0.3200000000000003,-0.33999999999999986,0.004892753725239476,-0.4817536741017156,0.8763066800438634,1.753695831946036e-05,0.6767152670379584,0.17804109718013333,-0.24024008077736342,0.0
0.267,0.0,0.0,0.0,0.8607420270039435,-0.5090414157503714,1.0,0.33999999999999986,-0.33000000000000007,0.004795870710296421,-0.5090414157503714,0.8607420270039435,1.9253840704779017e-05,0.6791754751582014,0.1404160158719121,-0.06058094091111741,0.0
0.268,0.0,0.0,0.0,0.8443279255020151,-0.5358267949789967,1.0,0.3600000000000003,-0.31999999999999984,0.004700906107583276,-0.5358267949789967,0.8443279255020151,2.113035343044201e-05,0.6816299637123944,0.10256198208313362,-0.8584286298056913,0.0
0.269,0.0,0.0,0.0,0.8270805742745619,-0.5620833778521305,1.0,0.3800000000000008,-0.3099999999999996,0.004607821929992752,-0.5620833778521305,0.8270805742745619,2.318048029579671e-05,0.6840786771742058,0.06453370160594907,-1.0386500262864922,0.0
0.27,0.0,0.0,0.0,0.8090169943749476,-0.5877852522924729,1.0,0.40000000000000036,-0.2999999999999998,0.004516580942612666,-0.5877852522924729,0.8090169943749476,2.5419346516199247e-05,0.6865215601232108,0.02638631547276867,-0.46244465213669433,0.0
0.271,0.0,0.0,0.0,0.7901550123756906,-0.612907053652976,1.0,0.41999999999999993,-0.29000000000000004,0.004427146647831511,-0.612907053652976,0.7901550123756906,2.7863304102519663e-05,0.6889585572464144,-0.011824679170345756,1.195880067167666,0.0
0.272,0.0,0.0,0.0,0.7705132427757886,-0.6374239897486905,1.0,0.4400000000000004,-0.2799999999999998,0.004339483270738895,-0.6374239897486905,0.7705132427757886,3.053002293467849e-05,0.6913896133397721,-0.05004350918565002,-0.48115850511731184,0.0
0.273,0.0,0.0,0.0,0.7501110696304589,-0.6613118653236526,1.0,0.46000000000000085,-0.2699999999999996,0.004253555744815125,-0.6613118653236526,0.7501110696304589,3.343858785018348e-05,0.6938146733097075,-0.08821420644845668,-0.38880006157218455,0.0
0.274,0.0,0.0,0.0,0.728968627421411,-0.6845471059286892,1.0,0.4800000000000004,-0.2599999999999998,0.0041693296979041115,-0.6845471059286892,0.728968627421411,3.66096020819268e-05,0.6962336821746272,-0.12628068961964103,-1.317278015410657,0.0
0.275,0.0,0.0,0.0,0.7071067811865471,-0.7071067811865479,1.0,0.5,-0.25,0.004086771438464067,-0.7071067811865479,0.7071067811865471,4.006529739295107e-05,0.6986465850664343,-0.16418684656886384,-1.9162322279962982,0.0
0.276,0.0,0.0,0.0,0.6845471059286884,-0.7289686274214118,1.0,0.5200000000000005,-0.23999999999999977,0.004005847942090417,-0.7289686274214118,0.6845471059286884,4.382965126946312e-05,0.701053327232037,-0.20187661732942375,0.3926731508188142,0.0
0.277,0.0,0.0,0.0,0.6613118653236517,-0.7501110696304597,1.0,0.5400000000000009,-0.22999999999999954,0.003926526838305624,-0.7501110696304597,0.6613118653236517,4.792851154702797e-05,0.7034538540348566,-0.23929407746390502,1.0044085946964305,0.0
0.278,0.0,0.0,0.0,0.6374239897486897,-0.7705132427757893,1.0,0.5600000000000005,-0.21999999999999975,0.0038487763976105395,-0.7705132427757893,0.6374239897486897,5.238972885856945e-05,0.705848110956331,-0.2763835217180797,-0.5417980349876561,0.0
0.279,0.0,0.0,0.0,0.6129070536529766,-0.7901550123756903,1.0,0.5800000000000001,-0.20999999999999996,0.0037725655187922052,-0.7901550123756903,0.6129070536529766,5.724329730648651e-05,0.7082360435974165,-0.31308954783909915,1.072493841485993,0.0
0.28,0.0,0.0,0.0,0.5877852522924734,-0.8090169943749472,1.0,0.6000000000000005,-0.19999999999999973,0.003697863716482929,-0.8090169943749472,0.5877852522924734,6.252150377482026e-05,0.7106175976800855,-0.34935714043266713,-0.09396220876748852,0.0
0.281,0.0,0.0,0.0,0.5620833778521296,-0.8270805742745625,1.0,0.620000000000001,-0.1899999999999995,0.0036246411089657558,-0.8270805742745625,0.5620833778521296,6.825908631090989e-05,0.7129927190488219,-0.38513175473283495,-0.909929752622794,0.0
0.282,0.0,0.0,0.0,0.5358267949789972,-0.8443279255020147,1.0,0.6399999999999997,-0.18000000000000016,0.003552868406221362,-0.8443279255020147,0.5358267949789972,7.449340201930506e-05,0.7153613536721144,-0.42035940015705375,0.7758812464021999,0.0
0.283,0.0,0.0,0.0,0.5090414157503721,-0.8607420270039432,1.0,0.6599999999999993,-0.17000000000000037,0.003482516898211663,-0.8607420270039432,0.5090414157503721,8.126460492377871e-05,0.7177234476439446,-0.454986723518458,1.9143286183685675,0.0
0.284,0.0,0.0,0.0,0.4817536741017162,-0.8763066800438631,1.0,0.6799999999999997,-0.16000000000000014,0.0034135584433954303,-0.8763066800438631,0.4817536741017162,8.861583426604922e-05,0.7200789471852739,-0.4889610917667079,-0.21307568875550983,0.0
0.285,0.0,0.0,0.0,0.4539904997395479,-0.8910065241883673,1.0,0.6999999999999993,-0.15000000000000036,0.003345965457471272,-0.8910065241883673,0.4539904997395479,9.659341372218401e-05,0.7224277986455261,-0.5222306741284344,-2.0444697119009456,0.0
0.286,0.0,0.0,0.0,0.42577929156507394,-0.9048270524660189,1.0,0.7199999999999998,-0.14000000000000012,0.003279710902343573,-0.9048270524660189,0.42577929156507394,0.000105247062029544,0.7247699485040673,-0.5547445235181626,0.9902622882324844,0.0
0.287,0.0,0.0,0.0,0.39714789063478206,-0.9177546256839805,1.0,0.7399999999999993,-0.13000000000000034,0.00321476827530687,-0.9177546256839805,0.39714789063478206,0.00011463011552845428,0.7271053433716828,-0.5864526570905534,0.6819937096226563,0.0
0.288,0.0,0.0,0.0,0.3681245526846796,-0.9297764858882508,1.0,0.7599999999999998,-0.1200000000000001,0.0031511115984444414,-0.9297764858882508,0.3681245526846796,0.00012479976313343742,0.7294339299920498,-0.6173061358051458,0.4031445540709508,0.0
0.289,0.0,0.0,0.0,0.33873792024529153,-0.9408807689542255,1.0,0.7799999999999994,-0.11000000000000032,0.0030887154082367687,-0.9408807689542255,0.33873792024529153,0.00013581729425875502,0.7317556552432081,-0.6472571428751175,-0.3842760587549559,0.0
0.29,0.0,0.0,0.0,0.3090169943749478,-0.9510565162951534,1.0,0.7999999999999998,-0.10000000000000009,0.0030275547453758153,-0.9510565162951534,0.3090169943749478,0.00014774836023203364,0.7340704661390256,-0.6762590609723279,-1.880579617646767,0.0
0.291,0.0,0.0,0.0,0.2789911060392298,-0.960293685676943,1.0,0.8199999999999994,-0.0900000000000003,0.002967605144780944,-0.960293685676943,0.2789911060392298,0.00016066324973780795,0.7363783098306625,-0.7042665480616414,-1.0599598999065765,0.0
0.292,0.0,0.0,0.0,0.2486898871648555,-0.968583161128631,1.0,0.8399999999999999,-0.08000000000000007,0.002908842625812584,-0.968583161128631,0.2486898871648555,0.00017463717883977947,0.7386791336080305,-0.7312356117387069,1.1127199039524172,0.0
0.293,0.0,0.0,0.0,0.21814324139654342,-0.9759167619387472,1.0,0.8599999999999994,-0.07000000000000028,0.0028512436826796323,-0.9759167619387472,0.21814324139654342,0.00018975059613633578,0.7409728849012489,-0.7571236819465292,-0.3687604366993992,0.0
0.294,0.0,0.0,0.0,0.18738131458572568,-0.9822872507286885,1.0,0.8799999999999999,-0.06000000000000005,0.0027947852750368437,-0.9822872507286885,0.18738131458572568,0.0002060895036082787,0.7432595112820974,-0.7818896819477,-2.147846017805011,0.0
0.295,0.0,0.0,0.0,0.1564344650402321,-0.9876883405951375,1.0,0.8999999999999995,-0.050000000000000266,0.0027394448187683684,-0.9876883405951375,0.1564344650402321,0.00022374579372062055,0.7455389604654649,-0.8054940974307914,-0.12354069780804526,0.0
0.296,0.0,0.0,0.0,0.12533323356430567,-0.9921147013144777,1.0,0.9199999999999999,-0.040000000000000036,0.0026852001769538205,-0.9921147013144777,0.12533323356430567,0.0002428176033416271,0.747811180310795,-0.8278990436313387,-0.6858565218535556,0.0
0.297,0.0,0.0,0.0,0.09410831331851592,-0.9955619646030799,1.0,0.9399999999999995,-0.03000000000000025,0.0026320296510131984,-0.9955619646030799,0.09410831331851592,0.0002634096850418036,0.7500761188235275,-0.8490683303498835,1.6681483926324518,0.0
0.298,0.0,0.0,0.0,0.06279051952931339,-0.9980267284282716,1.0,0.96,-0.020000000000000018,0.00257991197202718,-0.9980267284282716,0.06279051952931339,0.0002856337963331484,0.7523337241565371,-0.8689675247518861,1.750937904877869,0.0
0.299,0.0,0.0,0.0,0.03141075907812848,-0.9995065603657316,1.0,0.9799999999999995,-0.010000000000000231,0.0025288262922292556,-0.9995065603657316,0.03141075907812848,0.00030960910740455045,0.7545839446115664,-0.8875640118367574,-1.0729978077602282,0.0
0.3,0.0,0.0,0.0,3.6739403974420594e-16,-1.0,1.0,1.0,0.0,0.0024787521766663585,-1.0,3.6739403974420594e-16,0.00033546262790251185,0.756826728640657,-0.9048270524660189,0.2478441750980032,1.0
0.301,0.0,0.0,0.0,-0.03141075907812775,-0.9995065603657316,-1.0,0.9800000000000004,0.009999999999999787,0.0024296695950245953,-0.9995065603657316,-0.03141075907812775,0.0003633296532973107,0.7590620248475757,-0.9207278388434497,-1.1747147970392726,0.0
0.302,0.0,0.0,0.0,-0.06279051952931265,-0.9980267284282716,-1.0,0.96,0.020000000000000018,0.0023815589136168707,-0.9980267284282716,-0.06279051952931265,0.0003933542313630609,0.7612897819892377,-0.935239547343195,-0.1173173429297632,0.0
0.303,0.0,0.0,0.0,-0.09410831331851342,-0.9955619646030801,-1.0,0.9400000000000004,0.029999999999999805,0.002334400887529133,-0.9955619646030801,-0.09410831331851342,0.0004256896492857509,0.7635099489771241,-0.9483373885850892,-0.5551799866276971,0.0
0.304,0.0,0.0,0.0,-0.12533323356430318,-0.992114701314478,-1.0,0.9199999999999999,0.040000000000000036,0.0022881766529221693,-0.992114701314478,-0.12533323356430318,0.00046049894189604976,0.7657224748786976,-0.9599986546599383,0.9695013932435409,0.0
0.305,0.0,0.0,0.0,-0.15643446504022962,-0.9876883405951379,-1.0,0.9000000000000004,0.04999999999999982,0.002242867719485801,-0.9876883405951379,-0.15643446504022962,0.0004979554215032735,0.7679273089188128,-0.9702027634111471,-0.09845242186398774,0.0
0.306,0.0,0.0,0.0,-0.1873813145857232,-0.9822872507286889,-1.0,0.8799999999999999,0.06000000000000005,0.0021984559630425313,-0.9822872507286889,-0.1873813145857232,0.0005382432297832624,0.7701244004811222,-0.9789312996829604,-0.9446553482556068,0.0
0.307,0.0,0.0,0.0,-0.2181432413965427,-0.9759167619387473,-1.0,0.8600000000000003,0.06999999999999984,0.002154923618297613,-0.9759167619387473,-0.2181432413965427,0.0005815579121458022,0.7723136991094797,-0.9861680534495803,0.8590504712023332,0.0
0.308,0.0,0.0,0.0,-0.24868988716485477,-0.9685831611286311,-1.0,0.8399999999999999,0.08000000000000007,0.002112253271732714,-0.9685831611286311,-0.24868988716485477,0.0006281070149764975,0.7744951545093377,-0.9918990547436497,-1.8052661022753251,0.0
0.309,0.0,0.0,0.0,-0.27899110603922905,-0.9602936856769432,-1.0,0.8200000000000003,0.08999999999999986,0.0020704278546402606,-0.9602936856769432,-0.27899110603922905,0.0006781107061134388,0.7766687165491422,-0.996112605306959,0.40829213222622396,0.0
0.31,0.0,0.0,0.0,-0.30901699437494706,-0.9510565162951536,-1.0,0.7999999999999998,0.10000000000000009,0.002029430636295734,-0.9510565162951536,-0.30901699437494706,0.0007318024188804728,0.7788343352617215,-0.998799306890762,-0.7235384377203191,0.0
0.311,0.0,0.0,0.0,-0.33873792024529087,-0.9408807689542257,-1.0,0.7800000000000002,0.10999999999999988,0.0019892452172651635,-0.9408807689542257,-0.33873792024529087,0.0007894295199561677,0.7809919608456729,-0.999952086137793,-0.23022427327017683,0.0
0.312,0.0,0.0,0.0,-0.36812455268467725,-0.9297764858882517,-1.0,0.7599999999999998,0.1200000000000001,0.0019498555228451206,-0.9297764858882517,-0.36812455268467725,0.0008512540013104985,0.7831415436667429,-0.9995662159829238,0.7642706139032117,0.0
0.313,0.0,0.0,0.0,-0.3971478906347798,-0.9177546256839815,-1.0,0.7400000000000002,0.1299999999999999,0.0019112457966326377,-0.9177546256839815,-0.3971478906347798,0.000917553196389712,0.7852830342592046,-0.9976393335143949,0.07004697277349455,0.0
0.314,0.0,0.0,0.0,-0.42577929156507166,-0.90482705246602,-1.0,0.7199999999999998,0.14000000000000012,0.0018734005942224233,-0.90482705246602,-0.42577929156507166,0.000988620520673547,0.7874163833272302,-0.9941714542426914,1.0986761370450737,0.0
0.315,0.0,0.0,0.0,-0.45399049973954725,-0.8910065241883677,-1.0,0.7000000000000002,0.1499999999999999,0.0018363047770289071,-0.8910065241883677,-0.45399049973954725,0.0010647662366679205,0.7895415417462579,-0.9891649827294088,-1.0033441280564774,0.0
0.316,0.0,0.0,0.0,-0.48175367410171555,-0.8763066800438635,-1.0,0.6799999999999997,0.16000000000000014,0.0017999435062305911,-0.8763066800438635,-0.48175367410171555,0.0011463182433300554,0.791658460564357,-0.9826247195338433,1.1425402888707183,0.0
0.317,0.0,0.0,0.0,-0.5090414157503714,-0.8607420270039435,-1.0,0.6600000000000001,0.16999999999999993,0.0017643022368343355,-0.8607420270039435,-0.5090414157503714,0.0012336228898518276,0.7937670910035853,-0.9745578644405665,-1.5540596376438123,0.0
0.318,0.0,0.0,0.0,-0.5358267949789965,-0.8443279255020151,-1.0,0.6399999999999997,0.18000000000000016,0.0017293667118571557,-0.8443279255020151,-0.5358267949789965,0.001327045813650575,0.7958673844613443,-0.9649740159368648,-0.5677267189561387,0.0
0.319,0.0,0.0,0.0,-0.5620833778521305,-0.8270805742745619,-1.0,0.6200000000000001,0.18999999999999995,0.0016951229566232505,-0.8270805742745619,-0.5620833778521305,0.0014269728023347614,0.7979592925117286,-0.9538851669146531,1.034351080613479,0.0
0.32,0.0,0.0,0.0,-0.5877852522924728,-0.8090169943749477,-1.0,0.5999999999999996,0.20000000000000018,0.001661557273173934,-0.8090169943749477,-0.5877852522924728,0.001533810679324463,0.8000427669068708,-0.9413056965773067,1.6040187070668626,0.0
0.321,0.0,0.0,0.0,-0.612907053652976,-0.7901550123756907,-1.0,0.5800000000000001,0.20999999999999996,0.0016286562347882806,-0.7901550123756907,-0.612907053652976,0.001647988212713679,0.8021177595782824,-0.9272523585377626,-0.8103469353642889,0.0
0.322,0.0,0.0,0.0,-0.6374239897486892,-0.7705132427757897,-1.0,0.5599999999999996,0.2200000000000002,0.0015964066806122474,-0.7705132427757897,-0.6374239897486892,0.0017699570468628133,0.8041842226381887,-0.9117442651002228,0.42222076577522977,0.0
0.323,0.0,0.0,0.0,-0.6613118653236512,-0.7501110696304601,-1.0,0.54,0.22999999999999998,0.0015647957103941666,-0.7501110696304601,-0.6613118653236512,0.001900192656105318,0.8062421083808602,-0.8948028677238713,1.5270237681536885,0.0
0.324,0.0,0.0,0.0,-0.6845471059286892,-0.728968627421411,-1.0,0.5199999999999996,0.2400000000000002,0.001533810679324463,-0.728968627421411,-0.6845471059286892,0.002039195319842281,0.808291369283938,-0.876451933673116,0.3441581910681925,0.0
0.325,0.0,0.0,0.0,-0.7071067811865479,-0.7071067811865471,-1.0,0.5,0.25,0.0015034391929775724,-0.7071067811865471,-0.7071067811865479,0.002187491118182885,0.8103319580097551,-0.8567175188650503,-0.10338310026412899,0.0
0.326,0.0,0.0,0.0,-0.7289686274214118,-0.6845471059286884,-1.0,0.47999999999999954,0.26000000000000023,0.0014736691023539948,-0.6845471059286884,-0.7289686274214118,0.0023456329471668582,0.8123638274066535,-0.8356279369310192,-0.4860132819810771,0.0
0.327,0.0,0.0,0.0,-0.7501110696304596,-0.6613118653236518,-1.0,0.45999999999999996,0.27,0.0014444884990205433,-0.6613118653236518,-0.7501110696304596,0.002514201552477604,0.8143869305102936,-0.8132137245154555,1.3246622796971836,0.0
0.328,0.0,0.0,0.0,-0.7705132427757891,-0.6374239897486897,-1.0,0.4399999999999995,0.28000000000000025,0.0014158857103468022,-0.6374239897486897,-0.7705132427757891,0.0026938065804214904,0.8164012205449624,-0.7895076028413458,1.2878901124537971,0.0
0.329,0.0,0.0,0.0,-0.7901550123756902,-0.6129070536529767,-1.0,0.41999999999999993,0.29000000000000004,0.001387849294835929,-0.6129070536529767,-0.7901550123756902,0.002885087644809958,0.8184066509248735,-0.764544435578048,0.34292507659746574,0.0
0.33,0.0,0.0,0.0,-0.8090169943749472,-0.5877852522924735,-1.0,0.39999999999999947,0.30000000000000027,0.0013603680375478928,-0.5877852522924735,-0.8090169943749472,0.0030887154082367687,0.8204031752554638,-0.7383611830533663,0.0832816079279903,0.0
0.331,0.0,0.0,0.0,-0.8270805742745615,-0.562083377852131,-1.0,0.3799999999999999,0.31000000000000005,0.0013334309456133593,-0.562083377852131,-0.8270805742745615,0.0033053926760930135,0.8223907473346844,-0.7109968528581198,0.06137063180329506,0.0
0.332,0.0,0.0,0.0,-0.8443279255020156,-0.5358267949789958,-1.0,0.35999999999999943,0.3200000000000003,0.0013070272438363863,-0.5358267949789958,-0.8443279255020156,0.0035358555015075756,0.8243693211542867,-0.6824924468976412,0.5321776235833123,0.0
0.333,0.0,0.0,0.0,-0.8607420270039441,-0.5090414157503705,-1.0,0.33999999999999986,0.33000000000000007,0.0012811463703842113,-0.5090414157503705,-0.8607420270039441,0.0037808742992408344,0.826338850901103,-0.6528909049508964,0.6837631723763212,0.0
0.334,0.0,0.0,0.0,-0.8763066800438639,-0.4817536741017147,-1.0,0.3199999999999994,0.3400000000000003,0.0012557779725623694,-0.4817536741017147,-0.8763066800438639,0.004041254966394719,0.828299290958322,-0.622237044804034,0.33829558791521785,0.0
0.335,0.0,0.0,0.0,-0.8910065241883681,-0.45399049973954636,-1.0,0.2999999999999998,0.3500000000000001,0.001230911902673481,-0.45399049973954636,-0.8910065241883681,0.004317840007633078,0.8302505959067593,-0.5905774990313545,-0.381796798928454,0.0
0.336,0.0,0.0,0.0,-0.9048270524660197,-0.4257792915650724,-1.0,0.27999999999999936,0.3600000000000003,0.0012065382139580404,-0.4257792915650724,-0.9048270524660197,0.004611509662433043,0.8321927205261221,-0.5579606485026767,-1.9165838966461781,0.0
0.337,0.0,0.0,0.0,-0.9177546256839811,-0.3971478906347805,-1.0,0.2599999999999998,0.3700000000000001,0.0011826471566155727,-0.3971478906347805,-0.9177546256839811,0.004923183031710876,0.834125619796269,-0.5244365527021568,-1.1795976722134607,0.0
0.338,0.0,0.0,0.0,-0.9297764858882513,-0.36812455268467803,-1.0,0.23999999999999932,0.38000000000000034,0.0011592291739045914,-0.36812455268467803,-0.9297764858882513,0.005253819200985387,0.836049248898464,-0.49005687694939115,0.7989589592180429,0.0
0.339,0.0,0.0,0.0,-0.9408807689542253,-0.3387379202452916,-1.0,0.21999999999999975,0.3900000000000001,0.0011362748983197658,-0.3387379202452916,-0.9408807689542253,0.005604418357058429,0.8379635632166256,-0.45487481661957024,0.34915489677438105,0.0
0.34,0.0,0.0,0.0,-0.9510565162951534,-0.30901699437494784,-1.0,0.1999999999999993,0.40000000000000036,0.0011137751478448032,-0.30901699437494784,-0.9510565162951534,0.005976022895005943,0.8398685183385703,-0.41894501846503324,-0.8637727501759445,0.0
0.341,0.0,0.0,0.0,-0.9602936856769434,-0.2789911060392281,-1.0,0.17999999999999972,0.41000000000000014,0.0010917209222795108,-0.2789911060392281,-0.9602936856769434,0.006369718512085283,0.8417640700572503,-0.38232349914625746,1.5505379333026985,0.0
0.342,0.0,0.0,0.0,-0.9685831611286314,-0.24868988716485382,-1.0,0.15999999999999925,0.4200000000000004,0.0010701033996396044,-0.24868988716485382,-0.9685831611286314,0.006786635284974872,0.8436501743719855,-0.34506756108567793,0.7525891495041388,0.0
0.343,0.0,0.0,0.0,-0.9759167619387475,-0.21814324139654176,-1.0,0.13999999999999968,0.43000000000000016,0.0010489139326277882,-0.21814324139654176,-0.9759167619387475,0.0072279487265724356,0.8455267874896909,-0.3072357057631364,-0.18939076768460597,0.0
0.344,0.0,0.0,0.0,-0.9822872507286885,-0.18738131458572574,-1.0,0.120000000000001,0.4399999999999995,0.0010281440451747298,-0.18738131458572574,-0.9822872507286885,0.007694880818387471,0.8473938658260974,-0.26888754457687974,0.30887292628737706,0.0
0.345,0.0,0.0,0.0,-0.9876883405951375,-0.15643446504023217,-1.0,0.10000000000000053,0.44999999999999973,0.0010077854290485105,-0.15643446504023217,-0.9876883405951375,0.008188701014374083,0.8492513660069676,-0.23008370739902628,-0.34288661798991144,0.0
0.346,0.0,0.0,0.0,-0.9921147013144777,-0.12533323356430573,-1.0,0.08000000000000007,0.45999999999999996,0.0009878299405312295,-0.12533323356430573,-0.9921147013144777,0.008710727211861743,0.8510992448693059,-0.19088574895935875,-0.09849719877849453,0.0
0.347,0.0,0.0,0.0,-0.9955619646030799,-0.09410831331851598,-1.0,0.0600000000000005,0.46999999999999975,0.0009682695971614017,-0.09410831331851598,-0.9955619646030799,0.009262326685055377,0.8529374594625614,-0.15135605319582793,-0.4535403198877542,0.0
0.348,0.0,0.0,0.0,-0.9980267284282714,-0.06279051952931522,-1.0,0.040000000000000924,0.47999999999999954,0.0009490965745408727,-0.06279051952931522,-0.9980267284282714,0.009844916976392443,0.8547659670498283,-0.11155773571476262,1.335780365406294,0.0
0.349,0.0,0.0,0.0,-0.9995065603657315,-0.03141075907813032,-1.0,0.020000000000000462,0.48999999999999977,0.000930303203204949,-0.03141075907813032,-0.9995065603657315,0.010459966740865344,0.8565847251090364,-0.07155454450798035,-0.8383209387755015,0.0
0.35,0.0,0.0,0.0,-1.0,-4.286263797015736e-16,-1.0,0.0,0.5,0.0009118819655545162,-4.286263797015736e-16,-1.0,0.011108996538242306,0.8583936913341398,-0.03141075907813038,1.5351405351216028,0.0
0.351,0.0,0.0,0.0,-0.9995065603657316,0.03141075907812769,-1.0,-0.019999999999999574,0.5099999999999998,0.0008938254928488927,0.03141075907812769,-0.9995065603657316,0.011793579567950659,0.8601928236362963,0.008808911872601424,-0.5791170294842665,0.0
0.352,0.0,0.0,0.0,-0.9980267284282716,0.0627905195293126,-1.0,-0.03999999999999915,0.5199999999999996,0.0008761265622582417,0.0627905195293126,-0.9980267284282716,0.01251534234122367,0.8619820801450438,0.0490394340315973,-1.2559916268962525,0.0
0.353,0.0,0.0,0.0,-0.9955619646030801,0.09410831331851335,-1.0,-0.05999999999999961,0.5299999999999998,0.0008587780939743365,0.09410831331851335,-0.9955619646030801,0.013275965284957045,0.863761419209468,0.08921555218052657,-0.7936165634058397,0.0
0.354,0.0,0.0,0.0,-0.992114701314478,0.12533323356430312,-1.0,-0.08000000000000007,0.54,0.000841773148378549,0.12533323356430312,-0.992114701314478,0.01407718327157483,0.8655307993993666,0.12927189585029444,1.543238093498024,0.0
0.355,0.0,0.0,0.0,-0.9876883405951379,0.15643446504022956,-1.0,-0.09999999999999964,0.5499999999999998,0.0008251049232659038,0.15643446504022956,-0.9876883405951379,0.014920786069067842,0.867290179506406,0.16914308575796105,-0.18313480824979766,0.0
0.356,0.0,0.0,0.0,-0.9822872507286889,0.18738131458572316,-1.0,-0.11999999999999922,0.5599999999999996,0.0008087667511241114,0.18738131458572316,-0.9822872507286889,0.015808618705241848,0.8690395185452721,0.2087638408546358,1.3792966315875366,0.0
0.357,0.0,0.0,0.0,-0.9759167619387478,0.2181432413965409,-1.0,-0.13999999999999968,0.5699999999999998,0.0007927520964664684,0.2181432413965409,-0.9759167619387478,0.016742581740099332,0.8707787757548163,0.2480690858110687,-1.466363522986071,0.0
0.358,0.0,0.0,0.0,-0.9685831611286312,0.2486898871648547,-1.0,-0.16000000000000014,0.5800000000000001,0.0007770545532175816,0.2486898871648547,-0.9685831611286312,0.017724631440177767,0.8725079105991934,0.28699405876538875,1.6004738724839622,0.0
0.359,0.0,0.0,0.0,-0.9602936856769432,0.278991106039229,-1.0,-0.17999999999999972,0.5899999999999999,0.0007616678421508473,0.278991106039229,-0.9602936856769432,0.01875677984858104,0.8742268827689947,0.32547441915575065,0.5712379501010666,0.0
0.36,0.0,0.0,0.0,-0.9510565162951538,0.309016994374947,-1.0,-0.1999999999999993,0.5999999999999996,0.0007465858083766792,0.309016994374947,-0.9510565162951538,0.019841094744370288,0.8759356521823747,0.36344635545895876,-0.5832059328250806,0.0
0.361,0.0,0.0,0.0,-0.9408807689542257,0.3387379202452908,-1.0,-0.21999999999999975,0.6099999999999999,0.0007318024188804728,0.3387379202452908,-0.9408807689542257,0.02097969948492572,0.8776341789861714,0.4008466926549125,1.09001803678397,0.0
0.362,0.0,0.0,0.0,-0.9297764858882517,0.3681245526846772,-1.0,-0.2400000000000002,0.6200000000000001,0.0007173117601093135,0.3681245526846772,-0.9297764858882517,0.022174772724855196,0.8793224235570201,0.4376129992357316,0.47974314526625045,0.0
0.363,0.0,0.0,0.0,-0.9177546256839815,0.39714789063477973,-1.0,-0.2599999999999998,0.6299999999999999,0.0007031080356064829,0.39714789063477973,-0.9177546256839815,0.023428548005007897,0.8810003465024618,0.4736836935777367,0.25358800003757975,0.0
0.364,0.0,0.0,0.0,-0.90482705246602,0.4257792915650716,-1.0,-0.27999999999999936,0.6399999999999997,0.0006891855636927931,0.4257792915650716,-0.90482705246602,0.0247433132051543,0.8826679086620447,0.5089981494940526,-0.9770030206299563,0.0
0.365,0.0,0.0,0.0,-0.8910065241883685,0.4539904997395456,-1.0,-0.2999999999999998,0.6499999999999999,0.0006755387751938444,0.4539904997395456,-0.8910065241883685,0.026121409853918233,0.8843250711084187,0.543496800785561,-0.8205249781545944,0.0
0.366,0.0,0.0,0.0,-0.8763066800438644,0.48175367410171394,-1.0,-0.3200000000000003,0.6600000000000001,0.0006621622112122764,0.48175367410171394,-0.8763066800438644,0.02756523228959335,0.8859717951484248,0.5771212446081057,1.473546948675458,0.0
0.367,0.0,0.0,0.0,-0.8607420270039436,0.5090414157503713,-1.0,-0.33999999999999986,0.6699999999999999,0.0006490505209441411,0.5090414157503713,-0.8607420270039436,0.029077226665546747,0.8876080423241773,0.6098143434745005,-1.3689528929486958,0.0
0.368,0.0,0.0,0.0,-0.8443279255020152,0.5358267949789965,-1.0,-0.35999999999999943,0.6799999999999997,0.0006361984595385052,0.5358267949789965,-0.8443279255020152,0.03065988979400753,0.8892337744141401,0.6415203257105973,-0.3215603117827005,0.0
0.369,0.0,0.0,0.0,-0.8270805742745619,0.5620833778521304,-1.0,-0.3799999999999999,0.69,0.0006236008859994445,0.5620833778521304,-0.8270805742745619,0.03231576782215889,0.8908489534341951,0.6721848841860298,-0.7025550903842455,0.0
0.37,0.0,0.0,0.0,-0.8090169943749477,0.5877852522924728,-1.0,-0.40000000000000036,0.7000000000000002,0.0006112527611295723,0.5877852522924728,-0.8090169943749477,0.034047454734599344,0.8924535416387062,0.7017552731415575,-0.40662046921939227,0.0
0.371,0.0,0.0,0.0,-0.7901550123756907,0.612907053652976,-1.0,-0.41999999999999993,0.71,0.0005991491455142981,0.612907053652976,-0.7901550123756907,0.03585759067641386,0.8940475015215754,0.7301804029369151,-1.3592017374884748,0.0
0.372,0.0,0.0,0.0,-0.7705132427757898,0.6374239897486891,-1.0,-0.4399999999999995,0.7199999999999998,0.0005872851975459907,0.6374239897486891,-0.7705132427757898,0.03774886009129898,0.8956307958172925,0.7574109325450827,0.0895424662048138,0.0
0.373,0.0,0.0,0.0,-0.7501110696304601,0.6613118653236512,-1.0,-0.45999999999999996,0.73,0.0005756561714872761,0.6613118653236512,-0.7501110696304601,0.03972398966941862,0.8972033875019781,0.7833993596213855,0.33114774001197805,0.0
0.374,0.0,0.0,0.0,-0.7289686274214123,0.6845471059286878,-1.0,-0.4800000000000004,0.7400000000000002,0.0005642574155726738,0.6845471059286878,-0.7289686274214123,0.04178574609992929,0.8987652397944208,0.8081001079786394,-0.9555396938849728,0.0
0.375,0.0,0.0,0.0,-0.7071067811865485,0.7071067811865466,-1.0,-0.5,0.75,0.0005530843701478336,0.7071067811865466,-0.7071067811865485,0.04393693362340742,0.9003163161571062,0.831469612302545,-0.11915741310019637,0.0
0.376,0.0,0.0,0.0,-0.6845471059286885,0.7289686274214117,-1.0,-0.5199999999999996,0.7599999999999998,0.0005421325658456086,0.7289686274214117,-0.6845471059286885,0.04618039137973475,0.9018565802972406,0.8534663999450516,0.27622486674842806,0.0
0.377,0.0,0.0,0.0,-0.6613118653236518,0.7501110696304596,-1.0,-0.54,0.77,0.0005313976217982529,0.7501110696304596,-0.6613118653236518,0.048518990547354,0.9033859961677675,0.8740511696369878,0.20681927795271318,0.0
0.378,0.0,0.0,0.0,-0.6374239897486897,0.7705132427757891,-1.0,-0.5600000000000005,0.7800000000000002,0.0005208752438850122,0.7705132427757891,-0.6374239897486897,0.05095563127019423,0.9049045279683775,0.8931868669653907,0.2843424774677171,0.0
0.379,0.0,0.0,0.0,-0.6129070536529767,0.7901550123756902,-1.0,-0.5800000000000001,0.79,0.0005105612230144218,0.7901550123756902,-0.6129070536529767,0.05349323936898553,0.9064121401465101,0.9108387564652078,0.27882614047245274,0.0
0.38,0.0,0.0,0.0,-0.5877852522924735,0.8090169943749471,-1.0,-0.5999999999999996,0.7999999999999998,0.0005004514334406104,0.8090169943749471,-0.5877852522924735,0.056134762834133725,0.9079087973983508,0.9269744901797019,0.38136474921081964,0.0
0.381,0.0,0.0,0.0,-0.5620833778521311,0.8270805742745615,-1.0,-0.6200000000000001,0.81,0.0004905418311129505,0.8270805742745615,-0.5620833778521311,0.05888316809781038,0.90939446466982,0.9415641725487631,-2.741142847084115,0.0
0.382,0.0,0.0,0.0,-0.5358267949789973,0.8443279255020146,-1.0,-0.6400000000000006,0.8200000000000003,0.0004808284520583803,0.8443279255020146,-0.5358267949789973,0.06174143608342907,0.9108691071575552,0.954580421489607,-0.08533618019694958,0.0
0.383,0.0,0.0,0.0,-0.5090414157503722,0.8607420270039431,-1.0,-0.6600000000000001,0.8300000000000001,0.00047130741079576537,0.8607420270039431,-0.5090414157503722,0.06471255803122683,0.9123326903098862,0.9659984255397295,0.38341805882392016,0.0
0.384,0.0,0.0,0.0,-0.48175367410171477,0.8763066800438639,-1.0,-0.6799999999999997,0.8399999999999999,0.0004619748987816513,0.8763066800438639,-0.48175367410171477,0.06779953109924783,0.9137851798278039,0.9757959969378283,0.8291113048482521,0.0
0.385,0.0,0.0,0.0,-0.4539904997395464,0.891006524188368,-1.0,-0.7000000000000002,0.8500000000000001,0.00045282718288679695,0.891006524188368,-0.4539904997395464,0.07100535373963698,0.9152265416659215,0.9839536205243932,0.5110464569937174,0.0
0.386,0.0,0.0,0.0,-0.42577929156507244,0.9048270524660196,-1.0,-0.7200000000000006,0.8600000000000003,0.000443860603902874,0.9048270524660196,-0.42577929156507244,0.07433302085078965,0.9166567420334287,0.9904544983499561,-0.3702679295024682,0.0
0.387,0.0,0.0,0.0,-0.39714789063478056,0.9177546256839811,-1.0,-0.7400000000000002,0.8700000000000001,0.0004350715750787321,0.9177546256839811,-0.39714789063478056,0.07778551870657231,0.9180757473950398,0.9952845898855532,-0.7767402087524177,0.0
0.388,0.0,0.0,0.0,-0.3681245526846781,0.9297764858882513,-1.0,-0.7599999999999998,0.8799999999999999,0.00042645658068565383,0.9297764858882513,-0.3681245526846781,0.0813658196645253,0.9194835244719332,0.9984326477367321,0.3977297240089447,0.0
0.389,0.0,0.0,0.0,-0.33873792024529165,0.9408807689542253,-1.0,-0.7800000000000002,0.8900000000000001,0.0004180121746110129,0.9408807689542253,-0.33873792024529165,0.085076876655682,0.9208800402426854,0.9998902487694438,-0.16520299644068695,0.0
0.39,0.0,0.0,0.0,-0.3090169943749479,0.9510565162951534,-1.0,-0.8000000000000007,0.9000000000000004,0.0004097349789797868,0.9510565162951534,-0.3090169943749479,0.08892161745938634,0.9222652619441963,0.9996518205634257,-0.5074706195258225,0.0
0.391,0.0,0.0,0.0,-0.2789911060392299,0.9602936856769428,-1.0,-0.8200000000000003,0.9100000000000001,0.0004016216828033581,0.9602936856769428,-0.2789911060392299,0.0929029387672628,0.9236391570726087,0.9977146631161289,0.7057979748459831,0.0
0.392,0.0,0.0,0.0,-0.2486898871648556,0.968583161128631,-1.0,-0.8399999999999999,0.9199999999999999,0.0003936690406550783,0.968583161128631,-0.2486898871648556,0.09702370004128698,0.9250016933842199,0.9940789657279042,0.1891850266293989,0.0
0.393,0.0,0.0,0.0,-0.21814324139654181,0.9759167619387475,-1.0,-0.8600000000000003,0.9300000000000002,0.00038587387137205064,0.9759167619387475,-0.21814324139654181,0.10128671717171844,0.9263528388963865,0.9887478190070172,-1.6802434626425085,0.0
0.394,0.0,0.0,0.0,-0.18738131458572405,0.9822872507286888,-1.0,-0.8800000000000008,0.9400000000000004,0.00037823305678262576,0.9822872507286888,-0.18738131458572405,0.10569475594148857,0.9276925618884211,0.981727221941095,-2.0348793859510113,0.0
0.395,0.0,0.0,0.0,-0.15643446504023048,0.9876883405951378,-1.0,-0.9000000000000004,0.9500000000000002,0.0003707435404590882,0.9876883405951378,-0.15643446504023048,0.11025052530448522,0.929020830902483,0.9730260839897993,-1.0093335585222982,0.0
0.396,0.0,0.0,0.0,-0.125333233564304,0.9921147013144779,-1.0,-0.9199999999999999,0.96,0.0003634023264950478,0.9921147013144779,-0.125333233564304,0.11495667048603507,0.9303376147444608,0.9626562221618805,-1.2837365093777533,0.0
0.397,0.0,0.0,0.0,-0.09410831331851427,0.99556196460308,-1.0,-0.9400000000000004,0.9700000000000002,0.00035620647830703403,0.99556196460308,-0.09410831331851427,0.11981576591475605,0.9316428824848473,0.9506323530482516,1.4513293373874954,0.0
0.398,0.0,0.0,0.0,-0.06279051952931351,0.9980267284282716,-1.0,-0.9600000000000009,0.9800000000000004,0.0003491531174598264,0.9980267284282716,-0.06279051952931351,0.12483030799583289,0.9329366034596084,0.9369720797913489,-1.9208999822782866,0.0
0.399,0.0,0.0,0.0,-0.031410759078128604,0.9995065603657316,-1.0,-0.9800000000000004,0.9900000000000002,0.0003422394225150394,0.9995065603657316,-0.031410759078128604,0.1300027077366511,0.9342187472710438,0.921695873979772,-1.0542272262197345,0.0
0.4,0.0,0.0,0.0,-4.898587196589413e-16,1.0,-1.0,-1.0,-1.0,0.00033546262790251185,1.0,-4.898587196589413e-16,0.1353352832366127,0.935489283788639,0.9048270524660194,-0.6623422486951842,1.0
0.401,0.0,0.0,0.0,0.0314107590781294,0.9995065603657315,1.0,-0.9800000000000004,-0.9900000000000002,0.00032882002281403995,0.9995065603657315,0.0314107590781294,0.14083025205384142,0.9367481831499134,0.8863917491140769,0.0788704587106048,0.0
0.402,0.0,0.0,0.0,0.0627905195293143,0.9980267284282716,1.0,-0.9599999999999991,-0.9799999999999995,0.00032230895011901855,0.9980267284282716,0.0627905195293143,0.14648972346236577,0.9379954157612567,0.8664188814925462,-0.39157523841892306,0.0
0.403,0.0,0.0,0.0,0.09410831331851506,0.99556196460308,1.0,-0.9399999999999995,-0.9699999999999998,0.00031592680530155527,0.99556196460308,0.09410831331851506,0.15231569061424194,0.9392309522987609,0.8449401125381123,0.06336648817286644,0.0
0.404,0.0,0.0,0.0,0.1253332335643048,0.9921147013144778,1.0,-0.9199999999999999,-0.96,0.0003096710354186262,0.9921147013144778,0.1253332335643048,0.15831002262193877,0.9404547637090438,0.8219898072231184,-1.3144497830996265,0.0
0.405,0.0,0.0,0.0,0.15643446504023126,0.9876883405951377,1.0,-0.8999999999999986,-0.9499999999999993,0.0003035391380788668,0.9876883405951377,0.15643446504023126,0.1644744565771549,0.9416668212100648,0.7976049842702279,0.0843942482751487,0.0
0.406,0.0,0.0,0.0,0.18738131458572485,0.9822872507286886,1.0,-0.879999999999999,-0.9399999999999995,0.0002975286604415808,0.9822872507286886,0.18738131458572485,0.17081058952306485,0.942867096291933,0.7718252629661504,-0.07200306063190223,0.0
0.407,0.0,0.0,0.0,0.21814324139654084,0.9759167619387478,1.0,-0.8600000000000012,-0.9300000000000006,0.0002916371982355737,0.9759167619387478,0.21814324139654084,0.17731987039779637,0.9440555607177084,0.7446928051355418,-0.3367367225573318,0.0
0.408,0.0,0.0,0.0,0.24868988716485294,0.9685831611286316,1.0,-0.8399999999999999,-0.9199999999999999,0.0002858623947974087,0.9685831611286316,0.24868988716485294,0.18400359196771982,0.9452321865241947,0.7162522523452567,0.8038581925840612,0.0
0.409,0.0,0.0,0.0,0.2789911060392272,0.9602936856769436,1.0,-0.8200000000000003,-0.9100000000000001,0.000280201940128712,0.9602936856769436,0.2789911060392272,0.1908628827698802,0.9463969460227261,0.6865506584181462,0.06799296933840866,0.0
0.41,0.0,0.0,0.0,0.30901699437494695,0.9510565162951538,1.0,-0.8000000000000007,-0.9000000000000004,0.00027465356997214254,0.9510565162951538,0.30901699437494695,0.19789869908361465,0.9475498117999429,0.655637417344477,-0.22128553714866472,0.0
0.411,0.0,0.0,0.0,0.33873792024529076,0.9408807689542257,1.0,-0.7800000000000011,-0.8900000000000006,0.00026921506490565784,0.9408807689542257,0.33873792024529076,0.20511181695207692,0.9486907567185646,0.6235641866880545,-0.17281602168998722,0.0
0.412,0.0,0.0,0.0,0.36812455268467714,0.9297764858882517,1.0,-0.7599999999999998,-0.8799999999999999,0.00026388424945471793,0.9297764858882517,0.36812455268467714,0.21250282427502207,0.9498197539181501,0.5903848065928063,-0.1769692448284247,0.0
0.413,0.0,0.0,0.0,0.3971478906347797,0.9177546256839816,1.0,-0.7400000000000002,-0.8700000000000001,0.0002586589912220635,0.9177546256839816,0.3971478906347797,0.22007211299479584,0.9509367768158538,0.5561552145042833,0.9256864614998015,0.0
0.414,0.0,0.0,0.0,0.42577929156507155,0.90482705246602,1.0,-0.7200000000000006,-0.8600000000000003,0.0002535372000347304,0.90482705246602,0.42577929156507155,0.22781987139800902,0.9520417991071723,0.5209333557291174,0.6936717112271609,0.0
0.415,0.0,0.0,0.0,0.4539904997395455,0.8910065241883685,1.0,-0.7000000000000011,-0.8500000000000005,0.00024851682710795185,0.8910065241883685,0.4539904997395455,0.23574607655586352,0.9531347947666844,0.4847790899637969,1.1973224496233548,0.0
0.416,0.0,0.0,0.0,0.4817536741017139,0.8763066800438644,1.0,-0.6799999999999997,-0.8399999999999999,0.0002435958642256188,0.8763066800438644,0.4817536741017139,0.24385048692652464,0.9542157380487815,0.4477540939324422,-0.5166522674372761,0.0
0.417,0.0,0.0,0.0,0.5090414157503698,0.8607420270039445,1.0,-0.6600000000000001,-0.8300000000000001,0.00023877234293696414,0.8607420270039445,0.5090414157503698,0.25213263514330014,0.9552846034883922,0.40992176028123783,-0.3067758219132118,0.0
0.418,0.0,0.0,0.0,0.535826794978995,0.8443279255020161,1.0,-0.6400000000000006,-0.8200000000000003,0.00023404433376915794,0.8443279255020161,0.535826794978995,0.2605918210126892,0.9563413659016978,0.371347092885103,-3.447616289336781,0.0
0.419,0.0,0.0,0.0,0.5620833778521304,0.827080574274562,1.0,-0.620000000000001,-0.8100000000000005,0.00022940994545549173,0.827080574274562,0.5620833778521304,0.26922710474659955,0.9573860003868409,0.33209659872978636,0.6001261438902602,0.0
0.42,0.0,0.0,0.0,0.5877852522924727,0.8090169943749478,1.0,-0.5999999999999996,-0.7999999999999998,0.0002248673241788482,0.8090169943749478,0.5877852522924727,0.27803730045319414,0.9584184823246249,0.2922381765400518,1.833537308413126,0.0
0.421,0.0,0.0,0.0,0.6129070536529759,0.7901550123756909,1.0,-0.5800000000000001,-0.79,0.00022041465283014714,0.7901550123756909,0.6129070536529759,0.2870209699109174,0.9594387873792064,0.2518410023316941,-0.6463651018978064,0.0
0.422,0.0,0.0,0.0,0.6374239897486891,0.7705132427757898,1.0,-0.5600000000000005,-0.7800000000000002,0.0002160501502814794,0.7705132427757898,0.6374239897486891,0.2961764166502667,0.9604468914987803,0.21097541207220877,0.9946076938109747,0.0
0.423,0.0,0.0,0.0,0.661311865323651,0.7501110696304603,1.0,-0.5400000000000009,-0.7700000000000005,0.00021177207067363092,0.7501110696304603,0.661311865323651,0.3055016803678051,0.9614427709162552,0.16971278164138795,0.158629570954368,0.0
0.424,0.0,0.0,0.0,0.6845471059286877,0.7289686274214123,1.0,-0.5199999999999996,-0.7599999999999998,0.00020757870271771752,0.7289686274214123,0.6845471059286877,0.31499453169676334,0.9624264021499221,0.12812540428965885,0.10089888035375132,0.0
0.425,0.0,0.0,0.0,0.7071067811865466,0.7071067811865486,1.0,-0.5,-0.75,0.00020346836901064417,0.7071067811865486,0.7071067811865466,0.32465246735834974,0.9633977620041159,0.08628636579792305,-0.059429335032982276,0.0
0.426,0.0,0.0,0.0,0.7289686274214104,0.6845471059286898,1.0,-0.4800000000000004,-0.7400000000000002,0.00019943942536412282,0.6845471059286898,0.7289686274214104,0.33447270571756405,0.9643568275698661,0.04426941754838198,-0.2793973602363196,0.0
0.427,0.0,0.0,0.0,0.7501110696304595,0.6613118653236518,1.0,-0.46000000000000085,-0.7300000000000004,0.0001954902601469746,0.6613118653236518,0.7501110696304595,0.344452182766909,0.9653035762255427,0.0021488477213205577,1.0152158429688938,0.0
0.428,0.0,0.0,0.0,0.7705132427757891,0.6374239897486899,1.0,-0.4399999999999995,-0.7199999999999998,0.00019161929364045703,0.6374239897486899,0.7705132427757891,0.35458754856089897,0.966237985637492,-0.04000064916216865,0.2390323421321005,0.0
0.429,0.0,0.0,0.0,0.7901550123756902,0.6129070536529768,1.0,-0.41999999999999993,-0.71,0.00018782497740635362,0.6129070536529768,0.7901550123756902,0.3648751641236792,0.9671600337606651,-0.08210410412685103,0.04125681437011843,0.0
0.43,0.0,0.0,0.0,0.8090169943749471,0.5877852522924736,1.0,-0.40000000000000036,-0.7000000000000002,0.0001841057936675792,0.5877852522924736,0.8090169943749471,0.37531109885139957,0.9680696988392379,-0.12408640683042121,1.088240225032192,0.0
0.431,0.0,0.0,0.0,0.8270805742745614,0.5620833778521311,1.0,-0.3800000000000008,-0.6900000000000004,0.0001804602547010481,0.5620833778521311,0.8270805742745614,0.38589112843021894,0.9689669594072235,-0.1658724396179061,-2.9348876073241925,0.0
0.432,0.0,0.0,0.0,0.8443279255020146,0.5358267949789973,1.0,-0.35999999999999943,-0.6799999999999997,0.0001768869022425666,0.5358267949789973,0.8443279255020146,0.396610733289965,0.9698517942890765,-0.2073872123070169,0.9059900322516109,0.0
0.433,0.0,0.0,0.0,0.8607420270039431,0.5090414157503722,1.0,-0.33999999999999986,-0.6699999999999999,0.00017338430690350557,0.5090414157503722,0.8607420270039431,0.40746509761252764,0.9707241826002883,-0.24855599746464443,0.4314201039455769,0.0
0.434,0.0,0.0,0.0,0.876306680043863,0.4817536741017164,1.0,-0.3200000000000003,-0.6600000000000001,0.0001699510675990275,0.4817536741017164,0.876306680043863,0.41844910891303544,0.9715841037479752,-0.289304465932162,-0.5779901573338875,0.0
0.435,0.0,0.0,0.0,0.8910065241883672,0.4539904997395481,1.0,-0.3000000000000007,-0.6500000000000004,0.00016658581098763324,0.4539904997395481,0.8910065241883672,0.42955735821073915,0.9724315374314582,-0.32955882235476824,-2.5330946389043256,0.0
0.436,0.0,0.0,0.0,0.9048270524660196,0.4257792915650725,1.0,-0.27999999999999936,-0.6399999999999997,0.00016328719092180806,0.4257792915650725,0.9048270524660196,0.4407841408053245,0.9732664636428336,-0.36924594046823245,-0.4506980462162265,0.0
0.437,0.0,0.0,0.0,0.9177546256839811,0.3971478906347806,1.0,-0.2599999999999998,-0.6299999999999999,0.0001600538879095432,0.3971478906347806,0.9177546256839811,0.45212345767308293,0.9740888626675374,-0.4082934978950024,0.12070238784250482,0.0
0.438,0.0,0.0,0.0,0.9297764858882513,0.36812455268467814,1.0,-0.2400000000000002,-0.6200000000000001,0.00015688460858652242,0.36812455268467814,0.9297764858882513,0.4635690174959985,0.974898715084899,-0.4466301102005692,1.5405933732174701,0.0
0.439,0.0,0.0,0.0,0.9408807689542253,0.3387379202452917,1.0,-0.22000000000000064,-0.6100000000000003,0.00015377808519875894,0.3387379202452917,0.9408807689542253,0.4751142393353591,0.9756960017686886,-0.484185463960493,0.35741027497668026,0.0
0.44,0.0,0.0,0.0,0.9510565162951534,0.30901699437494795,1.0,-0.1999999999999993,-0.5999999999999996,0.0001507330750954765,0.30901699437494795,0.9510565162951534,0.4867522559599717,0.9764807038876557,-0.5208904485883238,-0.637533549702744,0.0
0.441,0.0,0.0,0.0,0.9602936856769428,0.27899110603922994,1.0,-0.17999999999999972,-0.5899999999999999,0.00014774836023203364,0.27899110603922994,0.9602936856769428,0.498475917837466,0.977252802906059,-0.5566772866751152,-0.5613136197839993,0.0
0.442,0.0,0.0,0.0,0.9685831611286309,0.24868988716485566,1.0,-0.16000000000000014,-0.5800000000000001,0.000144822746682688,0.24868988716485566,0.9685831611286309,0.5102777977955038,0.9780122805841883,-0.5914796625919946,0.1854208771876667,0.0
0.443,0.0,0.0,0.0,0.9759167619387472,0.2181432413965436,1.0,-0.14000000000000057,-0.5700000000000003,0.00014195506416301115,0.2181432413965436,0.9759167619387472,0.5221501963579799,0.9787591189788779,-0.6252328491085996,-0.8719008215560344,0.0
0.444,0.0,0.0,0.0,0.9822872507286888,0.18738131458572413,1.0,-0.11999999999999922,-0.5599999999999996,0.00013914416556175865,0.18738131458572413,0.9822872507286888,0.5340851477595171,0.979493300444013,-0.6578738317818901,0.7586429402678729,0.0
0.445,0.0,0.0,0.0,0.9876883405951378,0.15643446504023054,1.0,-0.09999999999999964,-0.5499999999999998,0.0001363889264820114,0.15643446504023054,0.9876883405951378,0.5460744266397094,0.9802148076310242,-0.6893414308722206,-0.6004664891144594,0.0
0.446,0.0,0.0,0.0,0.9921147013144779,0.1253332335643041,1.0,-0.08000000000000007,-0.54,0.00013368824479140023,0.1253332335643041,0.9921147013144779,0.5581095554166826,0.980923623489379,-0.7195764205461936,-0.44140571595953326,0.0
0.447,0.0,0.0,0.0,0.99556196460308,0.09410831331851434,1.0,-0.0600000000000005,-0.5300000000000002,0.00013104104018123928,0.09410831331851434,0.99556196460308,0.570181812337605,0.9816197312670597,-0.7485216451289942,1.000178065710062,0.0
0.448,0.0,0.0,0.0,0.9980267284282716,0.06279051952931357,1.0,-0.03999999999999915,-0.5199999999999996,0.0001284462537343878,0.06279051952931357,0.9980267284282716,0.5822822402018134,0.9823031145110364,-0.7761221321726479,0.5431374496003838,0.0
0.449,0.0,0.0,0.0,0.9995065603657316,0.03141075907812867,1.0,-0.019999999999999574,-0.5099999999999998,0.00012590284750166984,0.03141075907812867,0.9995065603657316,0.5944016557502186,0.9829737570677295,-0.8023252021107098,-1.2439946310068735,0.0
0.45,0.0,0.0,1.0,1.0,5.51091059616309e-16,1.0,0.0,-0.5,0.00012340980408667956,5.51091059616309e-16,1.0,0.6065306597126334,0.983631643083466,-0.8270805742745614,0.3319216236868088,0.0
0.451,0.0,0.0,1.0,0.9995065603657316,-0.03141075907812756,1.0,0.019999999999999574,-0.4900000000000002,0.00012096612623880994,-0.03141075907812756,0.9995065603657316,0.6186596475026225,0.9842767570049245,-0.8503404690514755,0.8900429324917261,0.0
0.452,0.0,0.0,1.0,0.9980267284282717,-0.06279051952931247,1.0,0.040000000000000924,-0.47999999999999954,0.00011857083645433882,-0.06279051952931247,0.9980267284282717,0.6307788205474283,0.9849090835795745,-0.8720597059702125,0.2350109628998374,0.0
0.453,0.0,0.0,1.0,0.99556196460308,-0.094108313318515,1.0,0.0600000000000005,-0.46999999999999975,0.00011622297658541522,-0.094108313318515,0.99556196460308,0.642878198238472,0.9855286078561055,-0.8921957975058207,-0.9284344567728324,0.0
0.454,0.0,0.0,1.0,0.9921147013144778,-0.12533323356430476,1.0,0.08000000000000007,-0.45999999999999996,0.00011392160745678613,-0.12533323356430476,0.9921147013144778,0.6549476304858832,0.9861353151848484,-0.9107090384017918,0.24078302396429446,0.0
0.455,0.0,0.0,1.0,0.9876883405951377,-0.1564344650402312,1.0,0.09999999999999964,-0.4500000000000002,0.00011166580849011478,-0.1564344650402312,0.9876883405951377,0.6669768108584744,0.9867291912181883,-0.9275625903144937,1.4257654933580426,0.0
0.456,0.0,0.0,1.0,0.9822872507286886,-0.18738131458572477,1.0,0.120000000000001,-0.4399999999999995,0.00010945467733573657,-0.18738131458572477,0.9822872507286886,0.6789552902885679,0.9873102219109677,-0.9427225615921843,-0.19534985237549016,0.0
0.457,0.0,0.0,1.0,0.9759167619387474,-0.21814324139654254,1.0,0.14000000000000057,-0.4299999999999997,0.000107287329511708,-0.21814324139654254,0.9759167619387474,0.6908724913190898,0.9878783935208844,-0.9561580820085029,-0.4816126544928923,0.0
0.458,0.0,0.0,1.0,0.9685831611286312,-0.2486898871648546,1.0,0.16000000000000014,-0.41999999999999993,0.00010516289805000093,-0.2486898871648546,0.9685831611286312,0.7027177228683976,0.9884336926088764,-0.9678413722785572,0.23365287780626567,0.0
0.459,0.0,0.0,1.0,0.9602936856769432,-0.2789911060392289,1.0,0.17999999999999972,-0.41000000000000014,0.00010308053314970452,-0.2789911060392289,0.9602936856769432,0.7144801954864034,0.9889761060395016,-0.9777478081941052,0.09148384330541023,0.0
0.46,0.0,0.0,1.0,0.9510565162951538,-0.3090169943749469,1.0,0.20000000000000107,-0.39999999999999947,0.00010103940183709324,-0.3090169943749469,0.9510565162951538,0.7261490370736909,0.9895056209813083,-0.9858559792233187,0.9729066293507749,0.0
0.461,0.0,0.0,1.0,0.9408807689542257,-0.3387379202452907,1.0,0.22000000000000064,-0.3899999999999997,9.903868763242697e-05,-0.3387379202452907,0.9408807689542257,0.7377133090335346,0.9900222249071962,-0.9921477414298243,-0.42356969148745127,0.0
0.462,0.0,0.0,1.0,0.9297764858882511,-0.36812455268467875,1.0,0.2400000000000002,-0.3799999999999999,9.707759022334712e-05,-0.36812455268467875,0.9297764858882511,0.7491620228249927,0.9905259055947692,-0.9966082645753261,-2.2033579359769626,0.0
0.463,0.0,0.0,1.0,0.9177546256839809,-0.39714789063478123,1.0,0.2599999999999998,-0.3700000000000001,9.515532514474172e-05,-0.39714789063478123,0.9177546256839809,0.7604841568835896,0.9910166511266801,-0.9992260732801006,-0.11872022731942226,0.0
0.464,0.0,0.0,1.0,0.9048270524660194,-0.4257792915650731,1.0,0.28000000000000114,-0.35999999999999943,9.32711234649488e-05,-0.4257792915650731,0.9048270524660194,0.7716686738745262,0.9914944498909674,-0.9999930821259025,-0.4067376545896161,0.0
0.465,0.0,0.0,1.0,0.8910065241883677,-0.4539904997395471,1.0,0.3000000000000007,-0.34999999999999964,9.142423147817327e-05,-0.4539904997395471,0.8910065241883677,0.7827045382418681,0.9919592905813805,-0.9989046245964359,-0.5232545136456279,0.0
0.466,0.0,0.0,1.0,0.8763066800438635,-0.4817536741017154,1.0,0.3200000000000003,-0.33999999999999986,8.961391040299518e-05,-0.4817536741017154,0.8763066800438635,0.7935807340157668,0.9924111621977002,-0.9959594757614105,2.2627449293641675,0.0
0.467,0.0,0.0,1.0,0.8607420270039436,-0.5090414157503713,1.0,0.33999999999999986,-0.33000000000000007,8.783943608684635e-05,-0.5090414157503713,0.8607420270039436,0.804286282838474,0.9928500540460478,-0.9911598686213674,0.11222796127116695,0.0
0.468,0.0,0.0,1.0,0.8443279255020152,-0.5358267949789964,1.0,0.3600000000000012,-0.3199999999999994,8.610009871634035e-05,-0.5358267949789964,0.8443279255020152,0.8148102621687294,0.9932759557391867,-0.9845115040418656,-0.5795758963942409,0.0
0.469,0.0,0.0,1.0,0.827080574274563,-0.5620833778521288,1.0,0.379999999999999,-0.3100000000000005,8.439520253333736e-05,-0.5620833778521288,0.827080574274563,0.825141823623021,0.9936888571968154,-0.9760235542172782,0.2805751380892213,0.0
0.47,0.0,0.0,1.0,0.8090169943749478,-0.5877852522924727,1.0,0.3999999999999986,-0.3000000000000007,8.272406555663223e-05,-0.5877852522924727,0.8090169943749478,0.835270211411272,0.9940887486458513,-0.9657086596162809,1.1179472664671526,0.0
0.471,0.0,0.0,1.0,0.7901550123756909,-0.6129070536529759,1.0,0.41999999999999993,-0.29000000000000004,8.1086019309152e-05,-0.6129070536529759,0.7901550123756909,0.8451847808236714,0.9944756206207063,-0.9535829193732155,0.8598194122360828,0.0
0.472,0.0,0.0,1.0,0.7705132427757898,-0.637423989748689,1.0,0.4399999999999995,-0.28000000000000025,7.948040855055677e-05,-0.637423989748689,0.7705132427757898,0.8548750167246695,0.9948494639635536,-0.939665875101703,0.3646079184759138,0.0
0.473,0.0,0.0,1.0,0.7501110696304603,-0.661311865323651,1.0,0.4599999999999991,-0.27000000000000046,7.790659101513453e-05,-0.661311865323651,0.7501110696304603,0.864330552009586,0.9952102698245858,-0.923980488119284,-0.5339187119989003,0.0
0.474,0.0,0.0,1.0,0.7289686274214124,-0.6845471059286877,1.0,0.4800000000000004,-0.2599999999999998,7.636393715488688e-05,-0.6845471059286877,0.7289686274214124,0.8735411859788502,0.9955580296622646,-0.9065531100843465,-1.4724351319930127,0.0
0.475,0.0,0.0,1.0,0.7071067811865486,-0.7071067811865465,1.0,0.5,-0.25,7.48518298877006e-05,-0.7071067811865465,0.7071067811865486,0.8824969025845955,0.9958927352435614,-0.8874134470592829,0.1497533872784815,0.0
0.476,0.0,0.0,1.0,0.6845471059286898,-0.7289686274214104,1.0,0.5199999999999996,-0.2400000000000002,7.336966435050708e-05,-0.7289686274214104,0.6845471059286898,0.8911878885041844,0.996214378644189,-0.866594517026412,0.1271751216793799,0.0
0.477,0.0,0.0,1.0,0.6613118653236533,-0.7501110696304584,1.0,0.5399999999999991,-0.23000000000000043,7.191684765732888e-05,-0.7501110696304584,0.6613118653236533,0.8996045509952315,0.9965229522488264,-0.8441326008960518,-0.9904172902550309,0.0
0.478,0.0,0.0,1.0,0.6374239897486913,-0.7705132427757879,1.0,0.5599999999999987,-0.22000000000000064,7.049279866211783e-05,-0.7705132427757879,0.6374239897486913,0.9077375354868296,0.9968184487513311,-0.820067187058897,-0.07626772642646963,0.0
0.479,0.0,0.0,1.0,0.6129070536529768,-0.7901550123756901,1.0,0.5800000000000001,-0.20999999999999996,6.909694772628816e-05,-0.7901550123756901,0.6129070536529768,0.9155777428619776,0.9971008611549478,-0.7944409095475717,0.3787889453397529,0.0
0.48,0.0,0.0,1.0,0.5877852522924736,-0.8090169943749471,1.0,0.5999999999999996,-0.20000000000000018,6.77287364908539e-05,-0.8090169943749471,0.5877852522924736,0.9231163463866358,0.9973701827725034,-0.7672994798851831,0.9658660904462335,0.0
0.481,0.0,0.0,1.0,0.5620833778521312,-0.8270805742745614,1.0,0.6199999999999992,-0.1900000000000004,6.638761765307773e-05,-0.8270805742745614,0.5620833778521312,0.9303448082414207,0.9976264072265969,-0.7386916127112355,-0.09440633057568182,0.0
0.482,0.0,0.0,1.0,0.5358267949789974,-0.8443279255020145,1.0,0.6400000000000006,-0.17999999999999972,6.507305474754294e-05,-0.8443279255020145,0.5358267949789974,0.9372548956126777,0.9978695284497786,-0.7086689452881307,1.3844986881715058,0.0
0.483,0.0,0.0,1.0,0.5090414157503723,-0.8607420270039431,1.0,0.6600000000000001,-0.16999999999999993,6.378452193155948e-05,-0.8607420270039431,0.5090414157503723,0.9438386963005431,0.9980995406847215,-0.6772859510039524,0.5780836377762061,0.0
0.484,0.0,0.0,1.0,0.48175367410171643,-0.8763066800438629,1.0,0.6799999999999997,-0.16000000000000014,6.252150377482026e-05,-0.8763066800438629,0.48175367410171643,0.9500886338026269,0.9983164384843833,-0.6445998469997153,0.6717764451540302,0.0
0.485,0.0,0.0,1.0,0.4539904997395481,-0.8910065241883672,1.0,0.6999999999999993,-0.15000000000000036,6.128349505322202e-05,-0.8910065241883672,0.4539904997395481,0.9559974818331,0.9985202167121602,-0.6106704960616498,0.18636304937398504,0.0
0.486,0.0,0.0,1.0,0.42577929156507416,-0.9048270524660188,1.0,0.7199999999999989,-0.14000000000000057,6.007000054676936e-05,-0.9048270524660188,0.42577929156507416,0.9615583782382694,0.9987108705420316,-0.5755603029311699,-1.5325015395079429,0.0
0.487,0.0,0.0,1.0,0.3971478906347823,-0.9177546256839804,1.0,0.7400000000000002,-0.1299999999999999,5.888053484147942e-05,-0.9177546256839804,0.3971478906347823,0.9667648382711531,0.9988883954586962,-0.5393341051972046,-0.8058935610997435,0.0
0.488,0.0,0.0,1.0,0.3681245526846782,-0.9297764858882513,1.0,0.7599999999999998,-0.1200000000000001,5.771462213521033e-05,-0.9297764858882513,0.3681245526846782,0.9716107671891228,0.9990527872577,-0.502059058947246,0.5693131477533284,0.0
0.489,0.0,0.0,1.0,0.33873792024529176,-0.9408807689542253,1.0,0.7799999999999994,-0.11000000000000032,5.657179604733388e-05,-0.9408807689542253,0.33873792024529176,0.9760904721403703,0.999204042045553,-0.4638045193650655,0.4616428754947051,0.0
0.49,0.0,0.0,1.0,0.309016994374948,-0.9510565162951534,1.0,0.8000000000000007,-0.09999999999999964,5.5451599432176945e-05,-0.9510565162951534,0.309016994374948,0.9801986733067553,0.9993421562398412,-0.42464191647420113,-0.2586961683212499,0.0
0.491,0.0,0.0,1.0,0.27899110603923,-0.9602936856769428,1.0,0.8200000000000003,-0.08999999999999986,5.4353584196157486e-05,-0.9602936856769428,0.27899110603923,0.9839305142725083,0.9994671265693265,-0.3846446262372759,0.6921013903409479,0.0
0.492,0.0,0.0,1.0,0.2486898871648557,-0.9685831611286309,1.0,0.8399999999999999,-0.08000000000000007,5.327731111854062e-05,-0.9685831611286309,0.2486898871648557,0.9872815715902905,0.9995789500740382,-0.3438878372318436,0.5940796825041001,0.0
0.493,0.0,0.0,1.0,0.21814324139654367,-0.9759167619387471,1.0,0.8599999999999994,-0.07000000000000028,5.2222349675744776e-05,-0.9759167619387471,0.21814324139654367,0.9902478635182347,0.9996776241053585,-0.3024484131337643,0.9901629691036091,0.0
0.494,0.0,0.0,1.0,0.18738131458572593,-0.9822872507286884,1.0,0.879999999999999,-0.0600000000000005,5.118827786912642e-05,-0.9822872507286884,0.18738131458572593,0.9928258579038134,0.9997631463260953,-0.2604047512489092,0.38838433980008513,0.0
0.495,0.0,0.0,1.0,0.15643446504023234,-0.9876883405951374,1.0,0.9000000000000004,-0.04999999999999982,5.017468205617528e-05,-0.9876883405951374,0.15643446504023234,0.9950124791926823,0.9998355147105485,-0.21783663734366523,-0.30321520145170583,0.0
0.496,0.0,0.0,1.0,0.12533323356430415,-0.9921147013144779,1.0,0.9199999999999999,-0.040000000000000036,4.918115678505129e-05,-0.9921147013144779,0.12533323356430415,0.9968051145430329,0.9998947275445687,-0.17482509703373678,-2.538145741354017,0.0
0.497,0.0,0.0,1.0,0.0941083133185144,-0.99556196460308,1.0,0.9399999999999995,-0.03000000000000025,4.820730463239883e-05,-0.99556196460308,0.0941083133185144,0.9982016190284373,0.9999407834256027,-0.1314522439993375,1.151316887622441,0.0
0.498,0.0,0.0,1.0,0.06279051952931362,-0.9980267284282716,1.0,0.9600000000000009,-0.019999999999999574,4.725273604437187e-05,-0.9980267284282716,0.06279051952931362,0.9992003199146837,0.9999736812627357,-0.08780112530332439,-0.27074098494131554,0.0
0.499,0.0,0.0,1.0,0.03141075907812873,-0.9995065603657315,1.0,0.9800000000000004,-0.009999999999999787,4.631706918080762e-05,-0.9995065603657315,0.03141075907812873,0.9998000199986667,0.9999934202767204,-0.043955564096278585,0.5188913038541961,0.0
0.5,1.0,1.0,1.0,6.123233995736766e-16,-1.0,1.0,1.0,0.0,4.5399929762484854e-05,-1.0,6.123233995736766e-16,1.0,1.0,-7.347880794884119e-16,0.32388789440256743,1.0
0.501,0.0,1.0,1.0,-0.0314107590781275,-0.9995065603657316,-1.0,0.9800000000000004,0.009999999999999787,4.4500950921407545e-05,-0.9995065603657316,-0.0314107590781275,0.9998000199986667,0.9999934202767204,0.043980672532506135,-0.30686292410503535,0.0
0.502,0.0,1.0,1.0,-0.0627905195293124,-0.9980267284282717,-1.0,0.9600000000000009,0.019999999999999574,4.361977305405265e-05,-0.9980267284282717,-0.0627905195293124,0.9992003199146837,0.9999736812627357,0.08790126757619166,-0.1937958172272333,0.0
0.503,0.0,1.0,1.0,-0.09410831331851317,-0.9955619646030801,-1.0,0.9399999999999995,0.03000000000000025,4.275604367752418e-05,-0.9955619646030801,-0.09410831331851317,0.9982016190284373,0.9999407834256027,0.13167647250238815,-2.194953575297749,0.0
0.504,0.0,1.0,1.0,-0.12533323356430293,-0.992114701314478,-1.0,0.9199999999999999,0.040000000000000036,4.19094172885549e-05,-0.992114701314478,-0.12533323356430293,0.9968051145430329,0.9998947275445687,0.17522101384135016,-0.27788510983735704,0.0
0.505,0.0,1.0,1.0,-0.15643446504023115,-0.9876883405951377,-1.0,0.9000000000000004,0.04999999999999982,4.1079555225300724e-05,-0.9876883405951377,-0.15643446504023115,0.9950124791926823,0.9998355147105485,0.21844982391954265,1.4561187629498293,0.0
0.506,0.0,1.0,1.0,-0.1873813145857247,-0.9822872507286886,-1.0,0.879999999999999,0.0600000000000005,4.02661255318713e-05,-0.9822872507286886,-0.1873813145857247,0.9928258579038134,0.9997631463260953,0.2612782079480783,1.5686513127576085,0.0
0.507,0.0,1.0,1.0,-0.21814324139654245,-0.9759167619387474,-1.0,0.8599999999999994,0.07000000000000028,3.9468802825543534e-05,-0.9759167619387474,-0.21814324139654245,0.9902478635182347,0.9996776241053585,0.3036220112357499,0.8262011494010816,0.0
0.508,0.0,1.0,1.0,-0.24868988716485452,-0.9685831611286312,-1.0,0.8399999999999999,0.08000000000000007,3.86872681666037e-05,-0.9685831611286312,-0.24868988716485452,0.9872815715902905,0.9995789500740382,0.34539778619719796,1.409613766649173,0.0
0.509,0.0,1.0,1.0,-0.27899110603922883,-0.9602936856769432,-1.0,0.8200000000000003,0.08999999999999986,3.792120893076764e-05,-0.9602936856769432,-0.27899110603922883,0.9839305142725083,0.9994671265693265,0.3865229588249315,0.1502092275967416,0.0
0.51,0.0,1.0,1.0,-0.3090169943749485,-0.9510565162951532,-1.0,0.8000000000000007,0.09999999999999964,3.7170318684126666e-05,-0.9510565162951532,-0.3090169943749485,0.9801986733067553,0.9993421562398412,0.42691599429232413,-1.5594123106753393,0.0
0.511,0.0,1.0,1.0,-0.33873792024529065,-0.9408807689542258,-1.0,0.7799999999999994,0.11000000000000032,3.643429706057027e-05,-0.9408807689542258,-0.33873792024529065,0.9760904721403703,0.999204042045553,0.46649656135423134,-0.8930746066236711,0.0
0.512,0.0,1.0,1.0,-0.3681245526846787,-0.9297764858882511,-1.0,0.7599999999999998,0.1200000000000001,3.571284964163521e-05,-0.9297764858882511,-0.3681245526846787,0.9716107671891228,0.9990527872577,0.5051856952116263,-0.6339724621224931,0.0
0.513,0.0,1.0,1.0,-0.39714789063477957,-0.9177546256839816,-1.0,0.7400000000000002,0.1299999999999999,3.500568783873448e-05,-0.9177546256839816,-0.39714789063477957,0.9667648382711531,0.9988883954586962,0.5429059585073599,-0.6688694043224561,0.0
0.514,0.0,1.0,1.0,-0.42577929156507305,-0.9048270524660194,-1.0,0.7199999999999989,0.14000000000000057,3.431252877771797e-05,-0.9048270524660194,-0.42577929156507305,0.9615583782382694,0.9987108705420316,0.5795816001214115,-0.552017155146095,0.0
0.515,0.0,1.0,1.0,-0.4539904997395454,-0.8910065241883686,-1.0,0.6999999999999993,0.15000000000000036,3.363309518571897e-05,-0.8910065241883686,-0.4539904997395454,0.9559974818331,0.9985202167121602,0.615138711435945,-1.2972856429906812,0.0
0.516,0.0,1.0,1.0,-0.4817536741017153,-0.8763066800438636,-1.0,0.6799999999999997,0.16000000000000014,3.296711528024157e-05,-0.8763066800438636,-0.4817536741017153,0.9500886338026269,0.9983164384843833,0.6495053797431944,0.9495221816891177,0.0
0.517,0.0,1.0,1.0,-0.5090414157503697,-0.8607420270039446,-1.0,0.6600000000000001,0.16999999999999993,3.231432266044366e-05,-0.8607420270039446,-0.5090414157503697,0.9438386963005431,0.9980995406847215,0.6826118384724216,0.05175463704201588,0.0
0.518,0.0,1.0,1.0,-0.5358267949789963,-0.8443279255020152,-1.0,0.6400000000000006,0.17999999999999972,3.1674456200573305e-05,-0.8443279255020152,-0.5358267949789963,0.9372548956126777,0.9978695284497786,0.7143906139163072,-0.8682059721341258,0.0
0.519,0.0,1.0,1.0,-0.5620833778521317,-0.827080574274561,-1.0,0.6199999999999992,0.1900000000000004,3.1047259945514843e-05,-0.827080574274561,-0.5620833778521317,0.9303448082414207,0.9976264072265969,0.7447766681417599,-0.9291018830497217,0.0
0.52,0.0,1.0,1.0,-0.5877852522924726,-0.8090169943749478,-1.0,0.5999999999999996,0.20000000000000018,3.0432483008403625e-05,-0.8090169943749478,-0.5877852522924726,0.9231163463866358,0.9973701827725034,0.7737075377755024,2.0430241321982603,0.0
0.521,0.0,1.0,1.0,-0.6129070536529773,-0.7901550123756897,-1.0,0.5800000000000001,0.20999999999999996,2.982987947026762e-05,-0.7901550123756897,-0.6129070536529773,0.9155777428619776,0.9971008611549478,0.8011234683608749,-0.15982546985458546,0.0
0.522,0.0,1.0,1.0,-0.637423989748689,-0.7705132427757898,-1.0,0.5599999999999987,0.22000000000000064,2.923920828165675e-05,-0.7705132427757898,-0.637423989748689,0.9077375354868296,0.9968184487513311,0.8269675439889089,0.3646605389769452,0.0
0.523,0.0,1.0,1.0,-0.6613118653236523,-0.7501110696304591,-1.0,0.5399999999999991,0.23000000000000043,2.86602331662198e-05,-0.7501110696304591,-0.6613118653236523,0.8996045509952315,0.9965229522488264,0.8511858119142087,0.9988403441709789,0.0
0.524,0.0,1.0,1.0,-0.6845471059286876,-0.7289686274214124,-1.0,0.5199999999999996,0.2400000000000002,2.8092722526190927e-05,-0.7289686274214124,-0.6845471059286876,0.8911878885041844,0.996214378644189,0.8737274018740737,-0.7664137728686535,0.0
0.525,0.0,1.0,1.0,-0.7071067811865477,-0.7071067811865474,-1.0,0.5,0.25,2.7536449349747158e-05,-0.7071067811865474,-0.7071067811865477,0.8824969025845955,0.9958927352435614,0.8945446398380246,2.1136311412994733,0.0
0.526,0.0,1.0,1.0,-0.7289686274214128,-0.6845471059286873,-1.0,0.4800000000000004,0.2599999999999998,2.699119112020084e-05,-0.6845471059286873,-0.7289686274214128,0.8735411859788502,0.9955580296622646,0.9135931559241703,-1.2209014648796488,0.0
0.527,0.0,1.0,1.0,-0.7501110696304595,-0.6613118653236519,-1.0,0.4599999999999991,0.27000000000000046,2.6456729726989903e-05,-0.6613118653236519,-0.7501110696304595,0.864330552009586,0.9952102698245858,0.930831986228694,-0.8671501845921471,0.0
0.528,0.0,1.0,1.0,-0.7705132427757901,-0.6374239897486885,-1.0,0.4399999999999995,0.28000000000000025,2.593285137843091e-05,-0.6374239897486885,-0.7705132427757901,0.8548750167246695,0.9948494639635536,0.9462236683253128,0.2759940162215997,0.0
0.529,0.0,1.0,1.0,-0.7901550123756901,-0.6129070536529768,-1.0,0.41999999999999993,0.29000000000000004,2.5419346516199247e-05,-0.6129070536529768,-0.7901550123756901,0.8451847808236714,0.9944756206207063,0.9597343302025946,0.8208185736391511,0.0
0.53,0.0,1.0,1.0,-0.8090169943749481,-0.5877852522924722,-1.0,0.3999999999999986,0.3000000000000007,2.4916009731503204e-05,-0.5877852522924722,-0.8090169943749481,0.835270211411272,0.9940887486458513,0.9713337724186744,-0.5856705904872301,0.0
0.531,0.0,1.0,1.0,-0.8270805742745614,-0.5620833778521312,-1.0,0.379999999999999,0.3100000000000005,2.4422639682917612e-05,-0.5620833778521312,-0.8270805742745614,0.825141823623021,0.9936888571968154,0.9809955432651287,0.10919694842406735,0.0
0.532,0.0,1.0,1.0,-0.8443279255020155,-0.535826794978996,-1.0,0.35999999999999943,0.3200000000000003,2.393903901584477e-05,-0.535826794978996,-0.8443279255020155,0.8148102621687294,0.9932759557391867,0.9886970067444872,0.11096768789341772,0.0
0.533,0.0,1.0,1.0,-0.860742027003943,-0.5090414157503723,-1.0,0.33999999999999986,0.33000000000000007,2.3465014283569705e-05,-0.5090414157503723,-0.860742027003943,0.804286282838474,0.9928500540460478,0.994419403179084,0.40524922615711473,0.0
0.534,0.0,1.0,1.0,-0.8763066800438638,-0.48175367410171493,-1.0,0.3200000000000003,0.33999999999999986,2.30003758698791e-05,-0.48175367410171493,-0.8763066800438638,0.7935807340157668,0.9924111621977001,0.9981479022826905,1.952094378142515,0.0
0.535,0.0,1.0,1.0,-0.8910065241883688,-0.453990499739545,-1.0,0.29999999999999893,0.35000000000000053,2.254493791321217e-05,-0.453990499739545,-0.8910065241883688,0.7827045382418681,0.9919592905813804,0.9998716485405407,-0.80266951080101,0.0
0.536,0.0,1.0,1.0,-0.9048270524660196,-0.4257792915650726,-1.0,0.27999999999999936,0.3600000000000003,2.209851823231375e-05,-0.4257792915650726,-0.9048270524660196,0.7716686738745262,0.9914944498909674,0.9995837987579881,-0.4155614617431676,0.0
0.537,0.0,1.0,1.0,-0.9177546256839818,-0.3971478906347791,-1.0,0.2599999999999998,0.3700000000000001,2.1660938253359086e-05,-0.3971478906347791,-0.9177546256839818,0.7604841568835896,0.9910166511266801,0.9972815516530568,-1.895825887056454,0.0
0.538,0.0,1.0,1.0,-0.9297764858882513,-0.36812455268467825,-1.0,0.23999999999999844,0.3800000000000008,2.123202293852213e-05,-0.36812455268467825,-0.9297764858882513,0.7491620228249927,0.9905259055947692,0.9929661693835601,-0.5265094493862595,0.0
0.539,0.0,1.0,1.0,-0.9408807689542259,-0.33873792024529015,-1.0,0.21999999999999886,0.39000000000000057,2.0811600715958e-05,-0.33873792024529015,-0.9408807689542259,0.7377133090335346,0.9900222249071962,0.9866429909152333,-1.3764031253207054,0.0
0.54,0.0,1.0,1.0,-0.9510565162951534,-0.30901699437494806,-1.0,0.1999999999999993,0.40000000000000036,2.0399503411171922e-05,-0.30901699437494806,-0.9510565162951534,0.7261490370736909,0.9895056209813083,0.9783214371534031,-1.2438221131333627,0.0
0.541,0.0,1.0,1.0,-0.9602936856769433,-0.27899110603922833,-1.0,0.17999999999999972,0.41000000000000014,1.9995566179747357e-05,-0.27899110603922833,-0.9602936856769433,0.7144801954864034,0.9889761060395016,0.9680150077771273,-1.5950809584002725,0.0
0.542,0.0,1.0,1.0,-0.9685831611286309,-0.24868988716485577,-1.0,0.16000000000000014,0.41999999999999993,1.959962744140579e-05,-0.24868988716485577,-0.9685831611286309,0.7027177228683976,0.9884336926088764,0.9557412697313509,-0.7328811545591849,0.0
0.543,0.0,1.0,1.0,-0.9759167619387475,-0.21814324139654198,-1.0,0.1399999999999988,0.4300000000000006,1.9211528815372642e-05,-0.21814324139654198,-0.9759167619387475,0.6908724913190898,0.9878783935208844,0.9415218373495451,-0.3662315888882489,0.0
0.544,0.0,1.0,1.0,-0.982287250728689,-0.1873813145857225,-1.0,0.11999999999999922,0.4400000000000004,1.8831115057022737e-05,-0.1873813145857225,-0.982287250728689,0.6789552902885679,0.9873102219109677,0.9253823440963389,-0.0565618983552903,0.0
0.545,0.0,1.0,1.0,-0.9876883405951378,-0.15643446504023065,-1.0,0.09999999999999964,0.4500000000000002,1.8458233995780558e-05,-0.15643446504023065,-0.9876883405951378,0.6669768108584744,0.9867291912181881,0.9073524059369007,-0.6727566803142607,0.0
0.546,0.0,1.0,1.0,-0.9921147013144781,-0.12533323356430245,-1.0,0.0799999999999983,0.46000000000000085,1.8092736474249758e-05,-0.12533323356430245,-0.9921147013144781,0.6549476304858832,0.9861353151848484,0.8874655763572229,0.797364053641574,0.0
0.547,0.0,1.0,1.0,-0.99556196460308,-0.09410831331851445,-1.0,0.05999999999999872,0.47000000000000064,1.7734476288548362e-05,-0.09410831331851445,-0.99556196460308,0.642878198238472,0.9855286078561055,0.8657592930768893,-0.4571694065873364,0.0
0.548,0.0,1.0,1.0,-0.9980267284282717,-0.06279051952931192,-1.0,0.03999999999999915,0.4800000000000004,1.738331012982519e-05,-0.06279051952931192,-0.9980267284282717,0.6307788205474283,0.9849090835795746,0.8422748165134502,0.3617334036638781,0.0
0.549,0.0,1.0,1.0,-0.9995065603657315,-0.03141075907812879,-1.0,0.019999999999999574,0.4900000000000002,1.703909752693454e-05,-0.03141075907812879,-0.9995065603657315,0.6186596475026225,0.9842767570049245,0.817057160075083,-0.8519348466557722,0.0
0.55,0.0,1.0,0.0,-1.0,1.1028010998692062e-15,-1.0,0.0,0.5,1.670170079024566e-05,1.1028010998692062e-15,-1.0,0.6065306597126334,0.983631643083466,0.790155012375691,-0.7170822917709743,0.0
0.551,0.0,1.0,0.0,-0.9995065603657316,0.03141075907812744,-1.0,-0.02000000000000135,0.5100000000000007,1.637098495656519e-05,0.03141075907812744,-0.9995065603657316,0.5944016557502186,0.9829737570677295,0.7616206514841777,-0.06780657429656982,0.0
0.552,0.0,1.0,0.0,-0.9980267284282716,0.06279051952931412,-1.0,-0.040000000000000924,0.5200000000000005,1.6046817735150026e-05,0.06279051952931412,-0.9980267284282716,0.5822822402018134,0.9823031145110364,0.7315098513369064,0.7473916280466395,0.0
0.553,0.0,1.0,0.0,-0.9955619646030798,0.09410831331851666,-1.0,-0.0600000000000005,0.5300000000000002,1.5729069454789374e-05,0.09410831331851666,-0.9955619646030798,0.570181812337605,0.9816197312670597,0.6998817804596751,-1.5564780147181152,0.0
0.554,0.0,1.0,0.0,-0.9921147013144778,0.12533323356430462,-1.0,-0.08000000000000185,0.5400000000000009,1.541761301193436e-05,0.12533323356430462,-0.9921147013144778,0.5581095554166826,0.980923623489379,0.666798893162657,-0.112552809890214,0.0
0.555,0.0,1.0,0.0,-0.9876883405951374,0.15643446504023284,-1.0,-0.10000000000000142,0.5500000000000007,1.5112323819855033e-05,0.15643446504023284,-0.9876883405951374,0.5460744266397094,0.9802148076310241,0.6323268133886294,0.32876080024679233,0.0
0.556,0.0,1.0,0.0,-0.9822872507286887,0.18738131458572466,-1.0,-0.120000000000001,0.5600000000000005,1.481307975880396e-05,0.18738131458572466,-0.9822872507286887,0.5340851477595171,0.9794933004440127,0.5965342114113892,-0.7574052887530616,0.0
0.557,0.0,1.0,0.0,-0.975916761938747,0.21814324139654415,-1.0,-0.14000000000000057,0.5700000000000003,1.4519761127166799e-05,0.21814324139654415,-0.975916761938747,0.5221501963579799,0.978759118978878,0.5594926735978535,-0.4843138611321943,0.0
0.558,0.0,1.0,0.0,-0.9685831611286312,0.24868988716485446,-1.0,-0.16000000000000014,0.5800000000000001,1.42322505935799e-05,0.24868988716485446,-0.9685831611286312,0.5102777977955038,0.9780122805841882,0.52127656546314,0.3077978348045152,0.0
0.559,0.0,1.0,0.0,-0.9602936856769427,0.2789911060392305,-1.0,-0.1800000000000015,0.5900000000000007,1.3950433149996304e-05,0.2789911060392305,-0.9602936856769427,0.498475917837466,0.977252802906059,0.48196288826385086,-0.013426485830308445,0.0
0.56,0.0,1.0,0.0,-0.9510565162951538,0.3090169943749468,-1.0,-0.20000000000000107,0.6000000000000005,1.3674196065680938e-05,0.3090169943749468,-0.9510565162951538,0.4867522559599717,0.9764807038876558,0.44163112938998017,1.0237029833682798,0.0
0.561,0.0,1.0,0.0,-0.9408807689542251,0.33873792024529226,-1.0,-0.22000000000000064,0.6100000000000003,1.3403428842116915e-05,0.33873792024529226,-0.9408807689542251,0.4751142393353591,0.9756960017686886,0.4003631068308351,-1.19422958494,0.0
0.562,0.0,1.0,0.0,-0.9297764858882505,0.3681245526846803,-1.0,-0.240000000000002,0.620000000000001,1.3138023168804505e-05,0.3681245526846803,-0.9297764858882505,0.4635690174959985,0.974898715084899,0.3582428080047949,0.10380210710224931,0.0
0.563,0.0,1.0,0.0,-0.9177546256839824,0.39714789063477784,-1.0,-0.259999999999998,0.629999999999999,1.2877872879935594e-05,0.39714789063477784,-0.9177546256839824,0.45212345767308293,0.9740888626675375,0.31535622325667045,0.7948678199863553,0.0
0.564,0.0,1.0,0.0,-0.9048270524660201,0.4257792915650714,-1.0,-0.27999999999999936,0.6399999999999997,1.2622873911925919e-05,0.4257792915650714,-0.9048270524660201,0.4407841408053245,0.9732664636428338,0.2717911743397645,1.0641743088790363,0.0
0.565,0.0,1.0,0.0,-0.8910065241883693,0.4539904997395438,-1.0,-0.29999999999999893,0.6499999999999995,1.2372924261788221e-05,0.4539904997395438,-0.8910065241883693,0.42955735821073915,0.9724315374314582,0.22763713821287415,1.6020974269273567,0.0
0.566,0.0,1.0,0.0,-0.8763066800438645,0.4817536741017137,-1.0,-0.3199999999999985,0.6599999999999993,1.2127923946329785e-05,0.4817536741017137,-0.8763066800438645,0.41844910891303544,0.9715841037479753,0.18298506649424567,-0.5772842900350328,0.0
0.567,0.0,1.0,0.0,-0.8607420270039455,0.5090414157503681,-1.0,-0.33999999999999986,0.6699999999999999,1.1887774962157688e-05,0.5090414157503681,-0.8607420270039455,0.40746509761252764,0.9707241826002884,0.1379272009266865,1.296328246907171,0.0
0.568,0.0,1.0,0.0,-0.8443279255020162,0.5358267949789949,-1.0,-0.35999999999999943,0.6799999999999997,1.1652381246476234e-05,0.5358267949789949,-0.8443279255020162,0.396610733289965,0.9698517942890765,0.09255688521856148,-0.07640766753794086,0.0
0.569,0.0,1.0,0.0,-0.8270805742745622,0.5620833778521301,-1.0,-0.379999999999999,0.6899999999999995,1.1421648638660505e-05,0.5620833778521301,-0.8270805742745622,0.38589112843021894,0.9689669594072237,0.04696837363595292,-0.5279325592127919,0.0
0.57,0.0,1.0,0.0,-0.8090169943749489,0.5877852522924711,-1.0,-0.3999999999999986,0.6999999999999993,1.119548484259094e-05,0.5877852522924711,-0.8090169943749489,0.37531109885139957,0.9680696988392379,0.0012566367307052361,0.5345191194650344,0.0
0.571,0.0,1.0,0.0,-0.7901550123756909,0.6129070536529758,-1.0,-0.41999999999999815,0.7099999999999991,1.0973799389733532e-05,0.6129070536529758,-0.7901550123756909,0.3648751641236792,0.9671600337606652,-0.04448283540199642,0.5005560614906792,0.0
0.572,0.0,1.0,0.0,-0.770513242775791,0.6374239897486875,-1.0,-0.4399999999999995,0.7199999999999998,1.0756503602951294e-05,0.6374239897486875,-0.770513242775791,0.35458754856089897,0.9662379856374921,-0.09015423193493224,-0.38836278848117356,0.0
0.573,0.0,1.0,0.0,-0.7501110696304604,0.6613118653236509,-1.0,-0.4599999999999991,0.7299999999999995,1.0543510561032177e-05,0.6613118653236509,-0.7501110696304604,0.344452182766909,0.9653035762255427,-0.13566162178006566,0.0943207630112641,0.0
0.574,0.0,1.0,0.0,-0.7289686274214137,0.6845471059286863,-1.0,-0.47999999999999865,0.7399999999999993,1.0334735063919507e-05,0.6845471059286863,-0.7289686274214137,0.33447270571756405,0.9643568275698662,-0.18090915530435095,0.8475988355898938,0.0
0.575,0.0,1.0,0.0,-0.7071067811865487,0.7071067811865464,-1.0,-0.5,0.75,1.013009359863071e-05,0.7071067811865464,-0.7071067811865487,0.32465246735834974,0.963397762004116,-0.22580126686910376,1.339099579607995,0.0
0.576,0.0,1.0,0.0,-0.6845471059286913,0.7289686274214091,-1.0,-0.5199999999999996,0.7599999999999998,9.929504305851081e-06,0.7289686274214091,-0.6845471059286913,0.31499453169676334,0.9624264021499223,-0.27024287776725897,-0.05544578902059844,0.0
0.577,0.0,1.0,0.0,-0.6613118653236534,0.7501110696304583,-1.0,-0.5399999999999991,0.7699999999999996,9.732886947188931e-06,0.7501110696304583,-0.6613118653236534,0.3055016803678051,0.9614427709162552,-0.31413959912891115,-0.3025708629616634,0.0
0.578,0.0,1.0,0.0,-0.63742398974869,0.770513242775789,-1.0,-0.5599999999999987,0.7799999999999994,9.54016287307923e-06,0.770513242775789,-0.63742398974869,0.2961764166502667,0.9604468914987804,-0.35739793436252393,-0.24409370378054107,0.0
0.579,0.0,1.0,0.0,-0.6129070536529784,0.790155012375689,-1.0,-0.5799999999999983,0.7899999999999991,9.351254991322629e-06,0.790155012375689,-0.6129070536529784,0.2870209699109174,0.9594387873792065,-0.3999254806971682,-0.29571124732187853,0.0
0.58,0.0,1.0,0.0,-0.5877852522924737,0.809016994374947,-1.0,-0.5999999999999996,0.7999999999999998,9.166087736247617e-06,0.809016994374947,-0.5877852522924737,0.27803730045319414,0.9584184823246249,-0.4416311293899818,-0.2484753813449779,0.0
0.581,0.0,1.0,0.0,-0.5620833778521328,0.8270805742745604,-1.0,-0.6199999999999992,0.8099999999999996,8.984587038483222e-06,0.8270805742745604,-0.5620833778521328,0.26922710474659955,0.957386000386841,-0.4824252641627934,-1.3426467517060894,0.0
0.582,0.0,1.0,0.0,-0.5358267949789975,0.8443279255020145,-1.0,-0.6399999999999988,0.8199999999999994,8.806680295330328e-06,0.8443279255020145,-0.5358267949789975,0.2605918210126892,0.9563413659016978,-0.5222199574326802,0.6610005588198293,0.0
0.583,0.0,1.0,0.0,-0.5090414157503739,0.8607420270039421,-1.0,-0.6600000000000001,0.8300000000000001,8.632296341719536e-06,0.8607420270039421,-0.5090414157503739,0.25213263514330014,0.9552846034883922,-0.5609291639026512,-0.3938458582542131,0.0
0.584,0.0,1.0,0.0,-0.48175367410171654,0.8763066800438629,-1.0,-0.6799999999999997,0.8399999999999999,8.46136542174425e-06,0.8763066800438629,-0.48175367410171654,0.24385048692652464,0.9542157380487816,-0.5984689110815615,-0.2718386989562319,0.0
0.585,0.0,1.0,0.0,-0.4539904997395498,0.8910065241883663,-1.0,-0.6999999999999993,0.8499999999999996,8.293819160757357e-06,0.8910065241883663,-0.4539904997395498,0.23574607655586352,0.9531347947666845,-0.6347574863057575,0.031517343639014664,0.0
0.586,0.0,1.0,0.0,-0.42577929156507427,0.9048270524660188,-1.0,-0.7199999999999989,0.8599999999999994,8.12959053802051e-06,0.9048270524660188,-0.42577929156507427,0.22781987139800902,0.9520417991071726,-0.6697156198394888,-0.04781771644998328,0.0
0.587,0.0,1.0,0.0,-0.3971478906347808,0.917754625683981,-1.0,-0.7399999999999984,0.8699999999999992,7.968613859894859e-06,0.917754625683981,-0.3971478906347808,0.22007211299479584,0.9509367768158538,-0.7032666636366872,-1.3860879230770506,0.0
0.588,0.0,1.0,0.0,-0.36812455268468,0.9297764858882506,-1.0,-0.7599999999999998,0.8799999999999999,7.810824733562767e-06,0.9297764858882506,-0.36812455268468,0.21250282427502207,0.9498197539181501,-0.7353367653530911,0.09107753548443978,0.0
0.589,0.0,1.0,0.0,-0.33873792024529187,0.9408807689542253,-1.0,-0.7799999999999994,0.8899999999999997,7.656160041269817e-06,0.9408807689542253,-0.33873792024529187,0.20511181695207692,0.9486907567185647,-0.7658550372050877,-0.7685216459928024,0.0
0.59,0.0,1.0,0.0,-0.3090169943749498,0.9510565162951528,-1.0,-0.7999999999999989,0.8999999999999995,7.504557915076858e-06,0.9510565162951528,-0.3090169943749498,0.19789869908361465,0.9475498117999431,-0.7947537192800133,1.7474915549847485,0.0
0.591,0.0,1.0,0.0,-0.2789911060392301,0.9602936856769428,-1.0,-0.8200000000000003,0.9100000000000001,7.355957712112049e-06,0.9602936856769428,-0.2789911060392301,0.1908628827698802,0.9463969460227261,-0.821968336911842,-0.9172776752811556,0.0
0.592,0.0,1.0,0.0,-0.24868988716485754,0.9685831611286304,-1.0,-0.8399999999999999,0.9199999999999999,7.210299990312828e-06,0.9685831611286304,-0.24868988716485754,0.18400359196771982,0.9452321865241948,-0.8474378517463784,0.20538708146965837,0.0
0.593,0.0,1.0,0.0,-0.21814324139654379,0.9759167619387471,-1.0,-0.8599999999999994,0.9299999999999997,7.067526484648348e-06,0.9759167619387471,-0.21814324139654379,0.17731987039779637,0.9440555607177082,-0.8711048061312612,-0.6831176318163441,0.0
0.594,0.0,1.0,0.0,-0.1873813145857278,0.982287250728688,-1.0,-0.879999999999999,0.9399999999999995,6.927580083812657e-06,0.982287250728688,-0.1873813145857278,0.17081058952306485,0.942867096291933,-0.892915460477828,-0.8104341649548167,0.0
0.595,0.0,1.0,0.0,-0.15643446504023248,0.9876883405951374,-1.0,-0.8999999999999986,0.9499999999999993,6.79040480737947e-06,0.9876883405951374,-0.15643446504023248,0.1644744565771549,0.9416668212100648,-0.9128199232549746,-0.17790790684050148,0.0
0.596,0.0,1.0,0.0,-0.12533323356430426,0.9921147013144779,-1.0,-0.9199999999999999,0.96,6.6559457834091735e-06,0.9921147013144779,-0.12533323356430426,0.15831002262193877,0.9404547637090438,-0.9307722732886072,-0.36317403060067194,0.0
0.597,0.0,1.0,0.0,-0.09410831331851628,0.9955619646030798,-1.0,-0.9399999999999995,0.9699999999999998,6.524149226499366e-06,0.9955619646030798,-0.09410831331851628,0.15231569061424194,0.9392309522987609,-0.9467306740549837,-0.4398405847540615,0.0
0.598,0.0,1.0,0.0,-0.06279051952931375,0.9980267284282716,-1.0,-0.9599999999999991,0.9799999999999995,6.3949624162699644e-06,0.9980267284282716,-0.06279051952931375,0.14648972346236577,0.9379954157612567,-0.9606574796714215,-0.9315562748026976,0.0
0.599,0.0,1.0,0.0,-0.03141075907813062,0.9995065603657315,-1.0,-0.9800000000000004,0.9900000000000002,6.268333676274384e-06,0.9995065603657315,-0.03141075907813062,0.14083025205384142,0.9367481831499134,-0.9725193323039938,1.3139302099764176,0.0
0.6,0.0,1.0,0.0,-7.347880794884119e-16,1.0,-1.0,-1.0,-1.0,6.14421235332821e-06,1.0,-7.347880794884119e-16,0.1353352832366127,0.935489283788639,-0.9822872507286884,0.8574850333410122,1.0
0.601,0.0,1.0,0.0,0.03141075907812561,0.9995065603657316,1.0,-0.9800000000000004,-0.9900000000000002,6.022548797247291e-06,0.9995065603657316,0.03141075907812561,0.1300027077366511,0.9342187472710438,-0.989936709800026,0.6666000300037358,0.0
0.602,0.0,1.0,0.0,0.06279051952931229,0.9980267284282717,1.0,-0.9600000000000009,-0.9800000000000004,5.9032943409869815e-06,0.9980267284282717,0.06279051952931229,0.12483030799583289,0.9329366034596084,-0.9954477105993869,-0.691612533027211,0.0
0.603,0.0,1.0,0.0,0.09410831331851129,0.9955619646030803,1.0,-0.9400000000000013,-0.9700000000000006,5.7864012811747176e-06,0.9955619646030803,0.09410831331851129,0.11981576591475605,0.9316428824848473,-0.9988048410541909,-1.416209311918934,0.0
0.604,0.0,1.0,0.0,0.12533323356430282,0.992114701314478,1.0,-0.9199999999999999,-0.96,5.6718228590279695e-06,0.992114701314478,0.12533323356430282,0.11495667048603507,0.9303376147444608,-0.9999973268385781,1.0326853467804042,0.0
0.605,0.0,1.0,0.0,0.156434465040231,0.9876883405951377,1.0,-0.9000000000000004,-0.9500000000000002,5.559513241650146e-06,0.9876883405951377,0.156434465040231,0.11025052530448522,0.929020830902483,-0.9990190723863032,0.42326429173889435,0.0
0.606,0.0,1.0,0.0,0.18738131458572285,0.982287250728689,1.0,-0.8800000000000008,-0.9400000000000004,5.449427503696804e-06,0.982287250728689,0.18738131458572285,0.10569475594148857,0.9276925618884211,-0.9958686918671968,-0.24926855592749872,0.0
0.607,0.0,1.0,0.0,0.21814324139654234,0.9759167619387474,1.0,-0.8599999999999994,-0.9299999999999997,5.341521609404953e-06,0.9759167619387474,0.21814324139654234,0.10128671717171844,0.9263528388963865,-0.9905495299996402,-0.1337389364840953,0.0
0.608,0.0,1.0,0.0,0.24868988716485269,0.9685831611286316,1.0,-0.8399999999999999,-0.9199999999999999,5.235752394978102e-06,0.9685831611286316,0.24868988716485269,0.09702370004128698,0.9250016933842199,-0.9830696725930806,-2.2894099949918334,0.0
0.609,0.0,1.0,0.0,0.2789911060392287,0.9602936856769432,1.0,-0.8200000000000003,-0.9100000000000001,5.132077551320205e-06,0.9602936856769432,0.2789911060392287,0.0929029387672628,0.9236391570726087,-0.9734419467365728,-0.9371177079899801,0.0
0.61,0.0,1.0,0.0,0.309016994374945,0.9510565162951543,1.0,-0.8000000000000007,-0.9000000000000004,5.030455607111439e-06,0.9510565162951543,0.309016994374945,0.08892161745938634,0.9222652619441963,-0.9616839105716952,1.635317717909543,0.0
0.611,0.0,1.0,0.0,0.33873792024529054,0.9408807689542258,1.0,-0.7800000000000011,-0.8900000000000006,4.930845912219163e-06,0.9408807689542258,0.33873792024529054,0.085076876655682,0.9208800402426854,-0.9478178326108184,0.1461344797059055,0.0
0.612,0.0,1.0,0.0,0.36812455268467525,0.9297764858882525,1.0,-0.7599999999999998,-0.8799999999999999,4.833208621437263e-06,0.9297764858882525,0.36812455268467525,0.0813658196645253,0.9194835244719332,-0.9318706605846387,-0.252251970493061,0.0
0.613,0.0,1.0,0.0,0.39714789063477945,0.9177546256839817,1.0,-0.7400000000000002,-0.8700000000000001,4.737504678547579e-06,0.9177546256839817,0.39714789063477945,0.07778551870657231,0.9180757473950398,-0.9138739798260577,2.694832824367257,0.0
0.614,0.0,1.0,0.0,0.42577929156507294,0.9048270524660194,1.0,-0.7200000000000006,-0.8600000000000003,4.643695800696877e-06,0.9048270524660194,0.42577929156507294,0.07433302085078965,0.9166567420334287,-0.89386396122074,1.0720649857908313,0.0
0.615,0.0,1.0,0.0,0.4539904997395453,0.8910065241883686,1.0,-0.6999999999999993,-0.8499999999999996,4.551744463083231e-06,0.8910065241883686,0.4539904997395453,0.07100535373963698,0.9152265416659215,-0.8718812987781867,-0.19550371752600182,0.0
0.616,0.0,1.0,0.0,0.4817536741017152,0.8763066800438636,1.0,-0.6799999999999997,-0.8399999999999999,4.461613883945555e-06,0.8763066800438636,0.4817536741017152,0.06779953109924783,0.9137851798278039,-0.8479711369006345,-0.10051032985343172,0.0
0.617,0.0,1.0,0.0,0.5090414157503695,0.8607420270039446,1.0,-0.6600000000000001,-0.8300000000000001,4.373268009850434e-06,0.8607420270039446,0.5090414157503695,0.06471255803122683,0.9123326903098862,-0.8221829874505595,0.9139189617178842,0.0
0.618,0.0,1.0,0.0,0.5358267949789963,0.8443279255020153,1.0,-0.6400000000000006,-0.8200000000000003,4.286671501270272e-06,0.8443279255020153,0.5358267949789963,0.06174143608342907,0.9108691071575552,-0.7945706367411343,0.9675986858924551,0.0
0.619,0.0,1.0,0.0,0.5620833778521287,0.8270805742745632,1.0,-0.620000000000001,-0.8100000000000005,4.2017897184469915e-06,0.8270805742745632,0.5620833778521287,0.05888316809781038,0.90939446466982,-0.7651920425972821,-2.7296980179259944,0.0
0.62,0.0,1.0,0.0,0.5877852522924725,0.8090169943749479,1.0,-0.5999999999999996,-0.7999999999999998,4.118588707535708e-06,0.8090169943749479,0.5877852522924725,0.056134762834133725,0.9079087973983508,-0.7341092216582872,-0.48588795218249464,0.0
0.621,0.0,1.0,0.0,0.6129070536529772,0.7901550123756899,1.0,-0.5800000000000001,-0.79,4.037035187022686e-06,0.7901550123756899,0.6129070536529772,0.05349323936898553,0.9064121401465101,-0.7013881271159171,-0.8226731189738654,0.0
0.622,0.0,1.0,0.0,0.6374239897486889,0.7705132427757899,1.0,-0.5600000000000005,-0.7800000000000002,3.957096534412328e-06,0.7705132427757899,0.6374239897486889,0.05095563127019423,0.9049045279683775,-0.6670985171047596,-1.1984072234154464,0.0
0.623,0.0,1.0,0.0,0.6613118653236523,0.7501110696304593,1.0,-0.5399999999999991,-0.7699999999999996,3.878740773177718e-06,0.7501110696304593,0.6613118653236523,0.048518990547354,0.9033859961677675,-0.6313138139841263,0.31311584037756557,0.0
0.624,0.0,1.0,0.0,0.6845471059286876,0.7289686274214126,1.0,-0.5199999999999996,-0.7599999999999998,3.8019365599696187e-06,0.7289686274214126,0.6845471059286876,0.04618039137973475,0.9018565802972406,-0.5941109547727841,-0.005410898572971887,0.0
0.625,0.0,1.0,0.0,0.7071067811865476,0.7071067811865475,1.0,-0.5,-0.75,3.726653172078671e-06,0.7071067811865475,0.7071067811865476,0.04393693362340742,0.9003163161571062,-0.5555702330196043,-0.4508017876725282,0.0
0.626,0.0,1.0,0.0,0.7289686274214102,0.68454710592869,1.0,-0.4800000000000004,-0.7400000000000002,3.652860495145926e-06,0.68454710592869,0.7289686274214102,0.04178574609992929,0.8987652397944208,-0.5157751324144723,-0.3634392706227773,0.0
0.627,0.0,1.0,0.0,0.7501110696304594,0.661311865323652,1.0,-0.46000000000000085,-0.7300000000000004,3.580529011116689e-06,0.661311865323652,0.7501110696304594,0.03972398966941862,0.8972033875019781,-0.4748121524644423,-0.3343549510213967,0.0
0.628,0.0,1.0,0.0,0.7705132427757878,0.6374239897486914,1.0,-0.4399999999999995,-0.7199999999999998,3.509629786432929e-06,0.6374239897486914,0.7705132427757878,0.03774886009129898,0.8956307958172925,-0.43277062658034793,-0.3065646075343565,0.0
0.629,0.0,1.0,0.0,0.79015501237569,0.6129070536529769,1.0,-0.41999999999999993,-0.71,3.4401344604594294e-06,0.6129070536529769,0.79015501237569,0.03585759067641386,0.8940475015215754,-0.3897425329385356,-0.7270788323376228,0.0
0.63,0.0,1.0,0.0,0.809016994374948,0.5877852522924724,1.0,-0.40000000000000036,-0.7000000000000002,3.3720152341391845e-06,0.5877852522924724,0.809016994374948,0.034047454734599344,0.8924535416387062,-0.345822298501292,-0.8960454434246669,0.0
0.631,0.0,1.0,0.0,0.8270805742745613,0.5620833778521314,1.0,-0.379999999999999,-0.6899999999999995,3.3052448588733918e-06,0.5620833778521314,0.8270805742745613,0.03231576782215889,0.8908489534341951,-0.30110659659766126,0.39999433724183486,0.0
0.632,0.0,1.0,0.0,0.8443279255020154,0.5358267949789961,1.0,-0.35999999999999943,-0.6799999999999997,3.2397966256216737e-06,0.5358267949789961,0.8443279255020154,0.03065988979400753,0.8892337744141401,-0.25569413848368416,-1.5486548360073549,0.0
0.633,0.0,1.0,0.0,0.860742027003943,0.5090414157503724,1.0,-0.33999999999999986,-0.6699999999999999,3.1756443542180685e-06,0.5090414157503724,0.860742027003943,0.029077226665546747,0.8876080423241773,-0.20968545931763224,0.3015749485748442,0.0
0.634,0.0,1.0,0.0,0.8763066800438637,0.48175367410171505,1.0,-0.3200000000000003,-0.6600000000000001,3.11276238289864e-06,0.48175367410171505,0.8763066800438637,0.02756523228959335,0.8859717951484248,-0.16318269900151677,0.9937927192028156,0.0
0.635,0.0,1.0,0.0,0.8910065241883671,0.4539904997395483,1.0,-0.3000000000000007,-0.6500000000000004,3.051125558036417e-06,0.4539904997395483,0.8910065241883671,0.026121409853918233,0.8843250711084187,-0.11628937835493056,-1.0129110000429618,0.0
0.636,0.0,1.0,0.0,0.9048270524660195,0.4257792915650727,1.0,-0.27999999999999936,-0.6399999999999997,2.9907092240796304e-06,0.4257792915650727,0.9048270524660195,0.0247433132051543,0.8826679086620447,-0.06911017110107835,-0.37912197864730596,0.0
0.637,0.0,1.0,0.0,0.9177546256839804,0.39714789063478245,1.0,-0.2599999999999998,-0.6299999999999999,2.9314892136891307e-06,0.39714789063478245,0.9177546256839804,0.023428548005007897,0.8810003465024618,-0.021750672157687168,-0.5619998063494908,0.0
0.638,0.0,1.0,0.0,0.9297764858882512,0.36812455268467836,1.0,-0.2400000000000002,-0.6200000000000001,2.8734418380711506e-06,0.36812455268467836,0.9297764858882512,0.022174772724855196,0.8793224235570201,0.025682837262651692,1.1101031568348874,0.0
0.639,0.0,1.0,0.0,0.9408807689542259,0.33873792024529026,1.0,-0.21999999999999886,-0.6099999999999994,2.8165438775014624e-06,0.33873792024529026,0.9408807689542259,0.02097969948492572,0.8776341789861714,0.07308362722745233,0.8713888664751898,0.0
0.64,0.0,1.0,0.0,0.9510565162951533,0.3090169943749482,1.0,-0.1999999999999993,-0.5999999999999996,2.7607725720371986e-06,0.3090169943749482,0.9510565162951533,0.019841094744370288,0.8759356521823747,0.12034475880971224,0.6773557308860165,0.0
0.641,0.0,1.0,0.0,0.9602936856769433,0.27899110603922844,1.0,-0.17999999999999972,-0.5899999999999999,2.706105612412542e-06,0.27899110603922844,0.9602936856769433,0.01875677984858104,0.8742268827689947,0.16735932543019788,0.9924098579830762,0.0
0.642,0.0,1.0,0.0,0.9685831611286309,0.2486898871648559,1.0,-0.16000000000000014,-0.5800000000000001,2.652521131114739e-06,0.2486898871648559,0.9685831611286309,0.017724631440177767,0.8725079105991934,0.2140206952759268,0.7313586052451964,0.0
0.643,0.0,1.0,0.0,0.9759167619387475,0.21814324139654212,1.0,-0.14000000000000057,-0.5700000000000003,2.5999976936368024e-06,0.21814324139654212,0.9759167619387475,0.016742581740099332,0.8707787757548163,0.2602227542477296,-0.28997930443448805,0.0
0.644,0.0,1.0,0.0,0.9822872507286884,0.1873813145857261,1.0,-0.11999999999999922,-0.5599999999999996,2.548514289903414e-06,0.1873813145857261,0.9822872507286884,0.015808618705241848,0.8690395185452721,0.30586014888513674,0.35098190335640567,0.0
0.645,0.0,1.0,0.0,0.9876883405951378,0.15643446504023079,1.0,-0.09999999999999964,-0.5499999999999998,2.498050325866635e-06,0.15643446504023079,0.9876883405951378,0.014920786069067842,0.867290179506406,0.35082852871263714,-0.9586953893548135,0.0
0.646,0.0,1.0,0.0,0.9921147013144777,0.1253332335643061,1.0,-0.08000000000000007,-0.54,2.4485856152679845e-06,0.1253332335643061,0.9921147013144777,0.01407718327157483,0.8655307993993666,0.3950247874494859,2.0286922332759696,0.0
0.647,0.0,1.0,0.0,0.99556196460308,0.09410831331851457,1.0,-0.05999999999999872,-0.5299999999999994,2.4001003715636846e-06,0.09410831331851457,0.99556196460308,0.013275965284957045,0.863761419209468,0.43834730252340487,-0.3373120618598925,0.0
0.648,0.0,1.0,0.0,0.9980267284282717,0.06279051952931204,1.0,-0.03999999999999915,-0.5199999999999996,2.352575200009771e-06,0.06279051952931204,0.9980267284282717,0.01251534234122367,0.8619820801450438,0.4806961723290373,1.5361721784823885,0.0
0.649,0.0,1.0,0.0,0.9995065603657315,0.03141075907812891,1.0,-0.019999999999999574,-0.5099999999999998,2.305991089903953e-06,0.03141075907812891,0.9995065603657315,0.011793579567950659,0.8601928236362963,0.5219734506732802,-0.17090908804113872,0.0
0.65,0.0,1.0,0.0,1.0,-9.803364199544708e-16,1.0,0.0,-0.5,2.2603294069810542e-06,-9.803364199544708e-16,1.0,0.011108996538242306,0.8583936913341398,0.5620833778521285,-1.6836063778743628,0.0
0.651,0.0,1.0,0.0,0.9995065603657316,-0.03141075907812732,1.0,0.019999999999999574,-0.4900000000000002,2.2155718859590755e-06,-0.03141075907812732,0.9995065603657316,0.010459966740865344,0.8565847251090364,0.6009326078079191,-0.03875555391846956,0.0
0.652,0.0,1.0,0.0,0.9980267284282716,-0.062790519529314,1.0,0.040000000000000924,-0.47999999999999954,2.1717006232328283e-06,-0.062790519529314,0.9980267284282716,0.009844916976392443,0.8547659670498283,0.6384304308209429,1.16139479720163,0.0
0.653,0.0,1.0,0.0,0.9955619646030801,-0.09410831331851299,1.0,0.0600000000000005,-0.46999999999999975,2.128698069712273e-06,-0.09410831331851299,0.9955619646030801,0.009262326685055377,0.8529374594625614,0.6744889911961534,-2.568005632458463,0.0
0.654,0.0,1.0,0.0,0.9921147013144778,-0.1253332335643045,1.0,0.08000000000000007,-0.45999999999999996,2.086547023802622e-06,-0.1253332335643045,0.9921147013144778,0.008710727211861743,0.8510992448693059,0.7090234994135169,0.5373667975142944,0.0
0.655,0.0,1.0,0.0,0.987688340595138,-0.1564344650402292,1.0,0.10000000000000142,-0.4499999999999993,2.0452306245234897e-06,-0.1564344650402292,0.987688340595138,0.008188701014374083,0.8492513660069676,0.7419524382197976,0.8486569306477086,0.0
0.656,0.0,1.0,0.0,0.9822872507286887,-0.18738131458572455,1.0,0.120000000000001,-0.4399999999999995,2.0047323447642686e-06,-0.18738131458572455,0.9822872507286887,0.007694880818387471,0.8473938658260974,0.7731977621501509,-0.4625486230603716,0.0
0.657,0.0,1.0,0.0,0.9759167619387471,-0.218143241396544,1.0,0.14000000000000057,-0.4299999999999997,1.9650359846730773e-06,-0.218143241396544,0.9759167619387471,0.0072279487265724356,0.8455267874896908,0.8026850899795727,0.7595415801347555,0.0
0.658,0.0,1.0,0.0,0.9685831611286312,-0.24868988716485435,1.0,0.16000000000000014,-0.41999999999999993,1.926125665176585e-06,-0.24868988716485435,0.9685831611286312,0.006786635284974872,0.8436501743719854,0.8303438896173574,-0.9769389988925008,0.0
0.659,0.0,1.0,0.0,0.9602936856769427,-0.27899110603923033,1.0,0.17999999999999972,-0.41000000000000014,1.887985821628181e-06,-0.27899110603923033,0.9602936856769427,0.006369718512085283,0.8417640700572503,0.85610765497202,-0.25251644049736127,0.0
0.66,0.0,1.0,0.0,0.9510565162951539,-0.3090169943749467,1.0,0.20000000000000107,-0.39999999999999947,1.8506011975819048e-06,-0.3090169943749467,0.9510565162951539,0.005976022895005943,0.8398685183385703,0.8799140743296112,-1.4524409084804957,0.0
0.661,0.0,1.0,0.0,0.9408807689542252,-0.33873792024529215,1.0,0.22000000000000064,-0.3899999999999997,1.8139568386896763e-06,-0.33873792024529215,0.9408807689542252,0.005604418357058429,0.8379635632166255,0.901705189805064,1.1345060408582934,0.0
0.662,0.0,1.0,0.0,0.9297764858882518,-0.36812455268467686,1.0,0.2400000000000002,-0.3799999999999999,1.7780380867193375e-06,-0.36812455268467686,0.9297764858882518,0.005253819200985387,0.8360492488984638,0.9214275474441023,-2.3597695002611894,0.0
0.663,0.0,1.0,0.0,0.9177546256839809,-0.397147890634781,1.0,0.26000000000000156,-0.3699999999999992,1.7428305736911769e-06,-0.397147890634781,0.9177546256839809,0.004923183031710876,0.8341256197962688,0.9390323375721823,-1.27979676983618,0.0
0.664,0.0,1.0,0.0,0.9048270524660187,-0.4257792915650745,1.0,0.28000000000000114,-0.35999999999999943,1.7083202161305406e-06,-0.4257792915650745,0.9048270524660187,0.004611509662433043,0.832192720526122,0.954475525007082,0.5261427748600965,0.0
0.665,0.0,1.0,0.0,0.8910065241883678,-0.45399049973954686,1.0,0.3000000000000007,-0.34999999999999964,1.674493209434266e-06,-0.45399049973954686,0.8910065241883678,0.004317840007633078,0.8302505959067592,0.9677179687728972,-0.8290136755915732,0.0
0.666,0.0,1.0,0.0,0.8763066800438628,-0.48175367410171677,1.0,0.3200000000000003,-0.33999999999999986,1.641336022348639e-06,-0.48175367410171677,0.8763066800438628,0.004041254966394719,0.828299290958322,0.9787255309753398,-0.2889165375040075,0.0
0.667,0.0,1.0,0.0,0.8607420270039438,-0.5090414157503711,1.0,0.33999999999999986,-0.33000000000000007,1.6088353915567235e-06,-0.5090414157503711,0.8607420270039438,0.0037808742992408344,0.8263388509011029,0.9874691745214365,1.0979654735333355,0.0
0.668,0.0,1.0,0.0,0.8443279255020144,-0.5358267949789978,1.0,0.3600000000000012,-0.3199999999999994,1.5769783163728552e-06,-0.5358267949789978,0.8443279255020144,0.0035358555015075756,0.8243693211542866,0.9939250493907514,-0.09832930685765587,0.0
0.669,0.0,1.0,0.0,0.8270805742745622,-0.56208337785213,1.0,0.3800000000000008,-0.3099999999999996,1.5457520535421912e-06,-0.56208337785213,0.8270805742745622,0.0033053926760930135,0.8223907473346843,0.9980745671902403,-1.254322520215175,0.0
0.67,0.0,1.0,0.0,0.8090169943749469,-0.5877852522924739,1.0,0.40000000000000036,-0.2999999999999998,1.515144112143249e-06,-0.5877852522924739,0.8090169943749469,0.0030887154082367687,0.8204031752554638,0.999904463750632,0.6156229231304388,0.0
0.671,0.0,1.0,0.0,0.790155012375691,-0.6129070536529757,1.0,0.4200000000000017,-0.28999999999999915,1.4851422485913551e-06,-0.6129070536529757,0.790155012375691,0.002885087644809958,0.8184066509248734,0.9994068495487595,-1.0712009254783343,0.0
0.672,0.0,1.0,0.0,0.7705132427757888,-0.6374239897486902,1.0,0.4400000000000013,-0.27999999999999936,1.4557344617410582e-06,-0.6374239897486902,0.7705132427757888,0.0026938065804214904,0.8164012205449623,0.9965792477675784,-0.1867695781568063,0.0
0.673,0.0,1.0,0.0,0.750111069630458,-0.6613118653236535,1.0,0.46000000000000085,-0.2699999999999996,1.426908988085507e-06,-0.6613118653236535,0.750111069630458,0.002514201552477604,0.8143869305102935,0.9914246198335168,0.38130270677209616,0.0
0.674,0.0,1.0,0.0,0.7289686274214113,-0.6845471059286888,1.0,0.4800000000000004,-0.2599999999999998,1.3986542970508992e-06,-0.6845471059286888,0.7289686274214113,0.0023456329471668582,0.8123638274066534,0.9839513782993501,0.17128353888151823,0.0
0.675,0.0,1.0,0.0,0.7071067811865462,-0.7071067811865488,1.0,0.5,-0.25,1.3709590863840845e-06,-0.7071067811865488,0.7071067811865462,0.002187491118182885,0.8103319580097551,0.9741733869698498,0.8203375283674011,0.0
0.676,0.0,1.0,0.0,0.6845471059286887,-0.7289686274214114,1.0,0.5200000000000014,-0.23999999999999932,1.3438122776315214e-06,-0.7289686274214114,0.6845471059286887,0.002039195319842281,0.8082913692839379,0.9621099481970071,0.025969348444744963,0.0
0.677,0.0,1.0,0.0,0.6613118653236507,-0.7501110696304605,1.0,0.5400000000000009,-0.22999999999999954,1.3172030117077446e-06,-0.7501110696304605,0.6613118653236507,0.001900192656105318,0.8062421083808601,0.9477857773015792,0.21174408919770643,0.0
0.678,0.0,1.0,0.0,0.6374239897486901,-0.7705132427757889,1.0,0.5600000000000005,-0.21999999999999975,1.2911206445515944e-06,-0.7705132427757889,0.6374239897486901,0.0017699570468628133,0.8041842226381886,0.9312309641079356,-0.24049222706957146,0.0
0.679,0.0,1.0,0.0,0.6129070536529756,-0.7901550123756911,1.0,0.5800000000000018,-0.20999999999999908,1.2655547428684361e-06,-0.7901550123756911,0.6129070536529756,0.001647988212713679,0.8021177595782824,0.912480921609815,-0.5389048187822257,0.0
0.68,0.0,1.0,0.0,0.5877852522924738,-0.8090169943749469,1.0,0.6000000000000014,-0.1999999999999993,1.2404950799567134e-06,-0.8090169943749469,0.5877852522924738,0.001533810679324463,0.8000427669068706,0.8915763218152695,0.26734617415216594,0.0
0.681,0.0,1.0,0.0,0.5620833778521299,-0.8270805742745623,1.0,0.620000000000001,-0.1899999999999995,1.2159316316171261e-06,-0.8270805742745623,0.5620833778521299,0.0014269728023347614,0.7979592925117285,0.8685630188499271,-0.8762483653563709,0.0
0.682,0.0,1.0,0.0,0.5358267949789947,-0.8443279255020163,1.0,0.6400000000000006,-0.17999999999999972,1.191854572142826e-06,-0.8443279255020163,0.5358267949789947,0.001327045813650575,0.7958673844613441,0.8434919594287168,-0.25780020464070175,0.0
0.683,0.0,1.0,0.0,0.509041415750371,-0.8607420270039439,1.0,0.6600000000000001,-0.16999999999999993,1.168254270388989e-06,-0.8607420270039439,0.509041415750371,0.0012336228898518276,0.7937670910035852,0.8164190808369327,0.9271738877598917,0.0
0.684,0.0,1.0,0.0,0.4817536741017135,-0.8763066800438646,1.0,0.6800000000000015,-0.15999999999999925,1.145121285920239e-06,-0.8763066800438646,0.4817536741017135,0.0011463182433300554,0.791658460564357,0.7874051965924405,-2.284484264335132,0.0
0.685,0.0,1.0,0.0,0.45399049973954675,-0.8910065241883679,1.0,0.7000000000000011,-0.14999999999999947,1.1224463652343422e-06,-0.8910065241883679,0.45399049973954675,0.0010647662366679205,0.7895415417462579,0.7565158699913781,0.633134738008038,0.0
0.686,0.0,1.0,0.0,0.42577929156507116,-0.9048270524660202,1.0,0.7200000000000006,-0.13999999999999968,1.1002204380606923e-06,-0.9048270524660202,0.42577929156507116,0.000988620520673547,0.7874163833272301,0.7238212757700474,-1.258948875173568,0.0
0.687,0.0,1.0,0.0,0.3971478906347809,-0.917754625683981,1.0,0.740000000000002,-0.129999999999999,1.0784346137320683e-06,-0.917754625683981,0.3971478906347809,0.000917553196389712,0.7852830342592045,0.6893960501457865,1.8080798262461408,0.0
0.688,0.0,1.0,0.0,0.3681245526846801,-0.9297764858882506,1.0,0.759999999999998,-0.120000000000001,1.0570801776282568e-06,-0.9297764858882506,0.3681245526846801,0.0008512540013104985,0.783141543666743,0.6533191295292141,-0.6037842391459523,0.0
0.689,0.0,1.0,0.0,0.33873792024529537,-0.940880768954224,1.0,0.7799999999999994,-0.11000000000000032,1.0361485876900852e-06,-0.940880768954224,0.33873792024529537,0.0007894295199561677,0.780991960845673,0.6156735782293726,0.12205235764516151,0.0
0.69,0.0,1.0,0.0,0.3090169943749499,-0.9510565162951528,1.0,0.7999999999999989,-0.10000000000000053,1.0156314710024903e-06,-0.9510565162951528,0.3090169943749499,0.0007318024188804728,0.7788343352617215,0.5765464055020375,1.5441781270140826,0.0
0.691,0.0,1.0,0.0,0.2789911060392302,-0.9602936856769427,1.0,0.8199999999999985,-0.09000000000000075,9.955206204452296e-07,-0.9602936856769427,0.2789911060392302,0.0006781107061134388,0.7766687165491422,0.5360283723191962,0.20709445207698599,0.0
0.692,0.0,1.0,0.0,0.24868988716485768,-0.9685831611286304,1.0,0.8399999999999999,-0.08000000000000007,9.758079914099323e-07,-0.9685831611286304,0.24868988716485768,0.0006281070149764975,0.7744951545093379,0.49421378826526585,-1.200696680007326,0.0
0.693,0.0,1.0,0.0,0.2181432413965439,-0.9759167619387471,1.0,0.8599999999999994,-0.07000000000000028,9.56485698582146e-07,-0.9759167619387471,0.2181432413965439,0.0005815579121458022,0.7723136991094798,0.4512002989919716,-1.0239373932922997,0.0
0.694,0.0,1.0,0.0,0.1873813145857279,-0.982287250728688,1.0,0.879999999999999,-0.0600000000000005,9.375460127871031e-07,-0.982287250728688,0.1873813145857279,0.0005382432297832624,0.7701244004811223,0.40708866468939986,1.4709772533776733,0.0
0.695,0.0,1.0,0.0,0.1564344650402326,-0.9876883405951374,1.0,0.8999999999999986,-0.05000000000000071,9.189813578979571e-07,-0.9876883405951374,0.1564344650402326,0.0004979554215032735,0.7679273089188128,0.3619825300558414,0.1617416759391916,0.0
0.696,0.0,1.0,0.0,0.12533323356430792,-0.9921147013144773,1.0,0.9199999999999982,-0.040000000000000924,9.007843078052184e-07,-0.9921147013144773,0.12533323356430792,0.00046049894189604976,0.7657224748786977,0.31598818627232256,0.9007047969868172,0.0
0.697,0.0,1.0,0.0,0.0941083133185164,-0.9955619646030798,1.0,0.9399999999999995,-0.03000000000000025,8.829475834462194e-07,-0.9955619646030798,0.0941083133185164,0.0004256896492857509,0.7635099489771242,0.26921432551090513,-0.6979411512906469,0.0
0.698,0.0,1.0,0.0,0.06279051952931743,-0.9980267284282713,1.0,0.9599999999999991,-0.020000000000000462,8.654640498933887e-07,-0.9980267284282713,0.06279051952931743,0.0003933542313630609,0.7612897819892378,0.22177178852719637,0.976608788073128,0.0
0.699,0.0,1.0,0.0,0.03141075907813075,-0.9995065603657315,1.0,0.9799999999999986,-0.010000000000000675,8.483267135001914e-07,-0.9995065603657315,0.03141075907813075,0.0003633296532973107,0.7590620248475759,0.1737733059079965,-0.41096452774412484,0.0
0.7,0.0,1.0,0.0,8.572527594031472e-16,-1.0,1.0,1.0,0.0,8.315287191035679e-07,-1.0,8.572527594031472e-16,0.00033546262790251185,0.7568267286406571,0.12533323356430814,0.9990657384273816,1.0
0.701,0.0,1.0,0.0,-0.03141075907812548,-0.9995065603657316,-1.0,0.9800000000000004,0.009999999999999787,8.150633472817832e-07,-0.9995065603657316,-0.03141075907812548,0.00030960910740455045,0.7545839446115665,0.07656728307775715,0.6037816473873601,0.0
0.702,0.0,1.0,0.0,-0.06279051952931217,-0.9980267284282717,-1.0,0.9600000000000009,0.019999999999999574,7.98924011666566e-07,-0.9980267284282717,-0.06279051952931217,0.0002856337963331484,0.7523337241565373,0.02759224752503603,0.7607188198542969,0.0
0.703,0.0,1.0,0.0,-0.09410831331851116,-0.9955619646030803,-1.0,0.9400000000000013,0.02999999999999936,7.83104256308479e-07,-0.9955619646030803,-0.09410831331851116,0.0002634096850418036,0.7500761188235278,-0.021474276579730615,-1.1087403244394187,0.0
0.704,0.0,1.0,0.0,-0.12533323356430268,-0.992114701314478,-1.0,0.9200000000000017,0.03999999999999915,7.675977530944447e-07,-0.992114701314478,-0.12533323356430268,0.0002428176033416271,0.7478111803107951,-0.07051417057125026,-0.19893645309135072,0.0
0.705,0.0,1.0,0.0,-0.15643446504022737,-0.9876883405951383,-1.0,0.9000000000000004,0.04999999999999982,7.523982992164213e-07,-0.9876883405951383,-0.15643446504022737,0.00022374579372062055,0.745538960465465,-0.11940907748216627,0.40446947216346846,0.0
0.706,0.0,1.0,0.0,-0.18738131458572274,-0.982287250728689,-1.0,0.8800000000000008,0.05999999999999961,7.374998146901943e-07,-0.982287250728689,-0.18738131458572274,0.0002060895036082787,0.7432595112820977,-0.16804068777853196,-0.32600055698479896,0.0
0.707,0.0,1.0,0.0,-0.21814324139654223,-0.9759167619387474,-1.0,0.8600000000000012,0.0699999999999994,7.228963399233066e-07,-0.9759167619387474,-0.21814324139654223,0.00018975059613633578,0.7409728849012491,-0.21629102629617725,0.5902645055456325,0.0
0.708,0.0,1.0,0.0,-0.24868988716485257,-0.9685831611286317,-1.0,0.8399999999999999,0.08000000000000007,7.085820333311346e-07,-0.9685831611286317,-0.24868988716485257,0.00017463717883977947,0.7386791336080306,-0.2640427396849057,0.07810907927235872,0.0
0.709,0.0,1.0,0.0,-0.2789911060392286,-0.9602936856769433,-1.0,0.8200000000000003,0.08999999999999986,6.945511690001816e-07,-0.9602936856769433,-0.2789911060392286,0.00016066324973780795,0.7363783098306627,-0.3111793836616188,-0.5993206566296643,0.0
0.71,0.0,1.0,0.0,-0.3090169943749449,-0.9510565162951544,-1.0,0.8000000000000007,0.09999999999999964,6.807981343976331e-07,-0.9510565162951544,-0.3090169943749449,0.00014774836023203364,0.7340704661390257,-0.35758570936939355,0.31853203829690185,0.0
0.711,0.0,1.0,0.0,-0.33873792024529037,-0.9408807689542258,-1.0,0.7800000000000011,0.10999999999999943,6.673174281262743e-07,-0.9408807689542258,-0.33873792024529037,0.00013581729425875502,0.7317556552432083,-0.4031479481369791,1.1718613761898358,0.0
0.712,0.0,1.0,0.0,-0.36812455268467514,-0.9297764858882525,-1.0,0.7600000000000016,0.11999999999999922,6.541036577238504e-07,-0.9297764858882525,-0.36812455268467514,0.00012479976313343742,0.72943392999205,-0.4477540939324359,2.0941354038381363,0.0
0.713,0.0,1.0,0.0,-0.39714789063477934,-0.9177546256839817,-1.0,0.7400000000000002,0.1299999999999999,6.411515375060144e-07,-0.9177546256839817,-0.39714789063477934,0.00011463011552845428,0.727105343371683,-0.49129418280575454,0.8202275453905105,0.0
0.714,0.0,1.0,0.0,-0.4257792915650696,-0.9048270524660209,-1.0,0.7200000000000006,0.13999999999999968,6.284558864519808e-07,-0.9048270524660209,-0.4257792915650696,0.000105247062029544,0.7247699485040674,-0.533660568617831,1.5094061191740489,0.0
0.715,0.0,1.0,0.0,-0.4539904997395452,-0.8910065241883687,-1.0,0.7000000000000011,0.14999999999999947,6.160116261320527e-07,-0.8910065241883687,-0.4539904997395452,9.659341372218401e-05,0.7224277986455261,-0.5747481943579515,-0.32578021627326564,0.0
0.716,0.0,1.0,0.0,-0.4817536741017151,-0.8763066800438637,-1.0,0.6799999999999997,0.16000000000000014,6.038137786761752e-07,-0.8763066800438637,-0.4817536741017151,8.861583426604922e-05,0.720078947185274,-0.6144548583579008,-1.1160326952065451,0.0
0.717,0.0,1.0,0.0,-0.5090414157503694,-0.8607420270039448,-1.0,0.6600000000000001,0.16999999999999993,5.918574647827261e-07,-0.8607420270039448,-0.5090414157503694,8.126460492377871e-05,0.7177234476439448,-0.6526814747191211,0.7609304071595576,0.0
0.718,0.0,1.0,0.0,-0.5358267949789962,-0.8443279255020154,-1.0,0.6400000000000006,0.17999999999999972,5.80137901766728e-07,-0.8443279255020154,-0.5358267949789962,7.449340201930506e-05,0.7153613536721145,-0.6893323272789531,-1.9905227591569141,0.0
0.719,0.0,1.0,0.0,-0.5620833778521286,-0.8270805742745633,-1.0,0.620000000000001,0.1899999999999995,5.686504016467107e-07,-0.8270805742745633,-0.5620833778521286,6.825908631090989e-05,0.7129927190488219,-0.7243153164535888,1.40245246727417,0.0
0.72,0.0,1.0,0.0,-0.5877852522924725,-0.8090169943749479,-1.0,0.6000000000000014,0.1999999999999993,5.573903692694596e-07,-0.8090169943749479,-0.5877852522924725,6.252150377482026e-05,0.7106175976800855,-0.7575421983087047,1.1355932111988973,0.0
0.721,0.0,1.0,0.0,-0.6129070536529743,-0.7901550123756921,-1.0,0.5800000000000001,0.20999999999999996,5.46353300471887e-07,-0.7901550123756921,-0.6129070536529743,5.724329730648651e-05,0.7082360435974165,-0.7889288152235441,-1.7097816226771665,0.0
0.722,0.0,1.0,0.0,-0.6374239897486887,-0.77051324277579,-1.0,0.5600000000000005,0.21999999999999975,5.355347802793109e-07,-0.77051324277579,-0.6374239897486887,5.238972885856945e-05,0.705848110956331,-0.8183953175311484,-0.4551834461674953,0.0
0.723,0.0,1.0,0.0,-0.6613118653236495,-0.7501110696304616,-1.0,0.5400000000000009,0.22999999999999954,5.249304811394046e-07,-0.7501110696304616,-0.6613118653236495,4.792851154702797e-05,0.7034538540348566,-0.8458663755356057,1.6644662375058432,0.0
0.724,0.0,1.0,0.0,-0.6845471059286875,-0.7289686274214127,-1.0,0.5199999999999996,0.2400000000000002,5.145361611911212e-07,-0.7289686274214127,-0.6845471059286875,4.382965126946312e-05,0.701053327232037,-0.8712713813272045,0.49025420162936334,0.0
0.725,0.0,1.0,0.0,-0.7071067811865476,-0.7071067811865476,-1.0,0.5,0.25,5.04347662567888e-07,-0.7071067811865476,-0.7071067811865476,4.006529739295107e-05,0.6986465850664343,-0.8945446398380228,-0.13104330568258232,0.0
0.726,0.0,1.0,0.0,-0.7289686274214102,-0.6845471059286901,-1.0,0.4800000000000004,0.2599999999999998,4.943609097344072e-07,-0.6845471059286901,-0.7289686274214102,3.66096020819268e-05,0.6962336821746272,-0.9156255486035833,-0.021964965177280586,0.0
0.727,0.0,1.0,0.0,-0.7501110696304593,-0.6613118653236522,-1.0,0.46000000000000085,0.2699999999999996,4.845719078563859e-07,-0.6613118653236522,-0.7501110696304593,3.343858785018348e-05,0.6938146733097075,-0.9344587657207913,-1.2952713260640978,0.0
0.728,0.0,1.0,0.0,-0.7705132427757877,-0.6374239897486915,-1.0,0.4400000000000013,0.27999999999999936,4.749767412025529e-07,-0.6374239897486915,-0.7705132427757877,3.053002293467849e-05,0.6913896133397721,-0.9509943655186753,-1.9774276856745405,0.0
0.729,0.0,1.0,0.0,-0.79015501237569,-0.612907053652977,-1.0,0.41999999999999993,0.29000000000000004,4.6557157157830866e-07,-0.612907053652977,-0.79015501237569,2.7863304102519663e-05,0.6889585572464144,-0.9651879814857331,1.0604612771651867,0.0
0.73,0.0,1.0,0.0,-0.8090169943749459,-0.5877852522924752,-1.0,0.40000000000000036,0.2999999999999998,4.563526367903994e-07,-0.5877852522924752,-0.8090169943749459,2.5419346516199247e-05,0.6865215601232108,-0.9770009360268145,0.7893585249913093,0.0
0.731,0.0,1.0,0.0,-0.8270805742745613,-0.5620833778521315,-1.0,0.3800000000000008,0.3099999999999996,4.4731624914198846e-07,-0.5620833778521315,-0.8270805742745613,2.318048029579671e-05,0.6840786771742058,-0.986400356652423,-0.927072518795572,0.0
0.732,0.0,1.0,0.0,-0.8443279255020134,-0.5358267949789992,-1.0,0.35999999999999943,0.3200000000000003,4.384587939575313e-07,-0.5358267949789992,-0.8443279255020134,2.113035343044201e-05,0.6816299637123944,-0.9933592782349076,-0.8173857752348717,0.0
0.733,0.0,1.0,0.0,-0.8607420270039429,-0.5090414157503725,-1.0,0.33999999999999986,0.33000000000000007,4.297767281368523e-07,-0.5090414157503725,-0.8607420270039429,1.9253840704779017e-05,0.6791754751582014,-0.9978567309984384,-0.3502854559342095,0.0
0.734,0.0,1.0,0.0,-0.8763066800438637,-0.4817536741017151,-1.0,0.3200000000000003,0.33999999999999986,4.2126657873786087e-07,-0.4817536741017151,-0.8763066800438637,1.753695831946036e-05,0.6767152670379584,-0.9998778139433883,-0.32418401452991735,0.0
0.735,0.0,1.0,0.0,-0.891006524188367,-0.4539904997395484,-1.0,0.3000000000000007,0.34999999999999964,4.1292494158732645e-07,-0.4539904997395484,-0.891006524188367,1.5966783897804747e-05,0.6742493949823776,-0.999413753440348,-0.32588058590952934,0.0
0.736,0.0,1.0,0.0,-0.9048270524660195,-0.4257792915650728,-1.0,0.28000000000000114,0.35999999999999943,4.0474847991916697e-07,-0.4257792915650728,-0.9048270524660195,1.453138158363136e-05,0.6717779147250252,-0.9964619467646171,0.8029065217783079,0.0
0.737,0.0,1.0,0.0,-0.9177546256839803,-0.39714789063478256,-1.0,0.2599999999999998,0.3700000000000001,3.967339230396935e-07,-0.39714789063478256,-0.9177546256839803,1.3219731947926079e-05,0.6693008821007894,-0.9910259903784223,0.25528231971958937,0.0
0.738,0.0,1.0,0.0,-0.9297764858882512,-0.3681245526846785,-1.0,0.2400000000000002,0.3799999999999999,3.888780650192921e-07,-0.3681245526846785,-0.9297764858882512,1.202166643436898e-05,0.6668183530443486,-0.9831156928053268,1.250974940369977,0.0
0.739,0.0,1.0,0.0,-0.9408807689542247,-0.33873792024529376,-1.0,0.22000000000000064,0.3899999999999997,3.8117776341000774e-07,-0.33873792024529376,-0.9408807689542247,1.0927806085844945e-05,0.6643303835886355,-0.9727470719791473,-0.7548967019360453,0.0
0.74,0.0,1.0,0.0,-0.9510565162951533,-0.3090169943749483,-1.0,0.1999999999999993,0.40000000000000036,3.73629937988526e-07,-0.3090169943749483,-0.9510565162951533,9.929504305851081e-06,0.6618370298633003,-0.959942336988152,0.3080460440376251,0.0
0.741,0.0,1.0,0.0,-0.9602936856769423,-0.278991106039232,-1.0,0.17999999999999972,0.41000000000000014,3.6623156952403863e-07,-0.278991106039232,-0.9602936856769423,9.018793420193055e-06,0.6593383480931702,-0.9447298541742669,1.3943370690734695,0.0
0.742,0.0,1.0,0.0,-0.9685831611286309,-0.24868988716485602,-1.0,0.16000000000000014,0.41999999999999993,3.589796985705135e-07,-0.24868988716485602,-0.9685831611286309,8.1883348155182e-06,0.6568343945967084,-0.9271440975863299,1.1096933032904566,0.0
0.743,0.0,1.0,0.0,-0.9759167619387474,-0.21814324139654223,-1.0,0.14000000000000057,0.4299999999999997,3.518714242828764e-07,-0.21814324139654223,-0.9759167619387474,7.431372442053728e-06,0.6543252257844696,-0.9072255838260823,-0.3076987360407806,0.0
0.744,0.0,1.0,0.0,-0.9822872507286884,-0.1873813145857262,-1.0,0.120000000000001,0.4399999999999995,3.449039032566334e-07,-0.1873813145857262,-0.9822872507286884,6.741689478400707e-06,0.6518108981575537,-0.8850207913654395,-0.18005596407525973,0.0
0.745,0.0,1.0,0.0,-0.9876883405951378,-0.1564344650402309,-1.0,0.09999999999999964,0.4500000000000002,3.3807434839047367e-07,-0.1564344650402309,-0.9876883405951378,6.113567966371402e-06,0.6492914683060574,-0.8605820644534496,-1.0021227247170077,0.0
0.746,0.0,1.0,0.0,-0.9921147013144775,-0.1253332335643062,-1.0,0.08000000000000007,0.45999999999999996,3.3138002777138823e-07,-0.1253332335643062,-0.9921147013144775,5.541751233646584e-06,0.6467669929075249,-0.8339675017714024,0.7706205572922575,0.0
0.747,0.0,1.0,0.0,-0.99556196460308,-0.0941083133185147,-1.0,0.0600000000000005,0.46999999999999975,3.248182635818706e-07,-0.0941083133185147,-0.99556196460308,5.021408931469322e-06,0.6442375287253951,-0.8052408300342071,-0.6836105201842645,0.0
0.748,0.0,1.0,0.0,-0.9980267284282714,-0.0627905195293157,-1.0,0.03999999999999915,0.4800000000000004,3.183864310287531e-07,-0.0627905195293157,-0.9980267284282714,4.548104523682655e-06,0.6417031326074473,-0.7744712627759333,-0.731326496622462,0.0
0.749,0.0,1.0,0.0,-0.9995065603657315,-0.031410759078129034,-1.0,0.019999999999999574,0.4900000000000002,3.1208195729325665e-07,-0.031410759078129034,-0.9995065603657315,4.117765072160486e-06,0.6391638614842456,-0.7417333445966527,0.1278503742957004,0.0
0.75,0.0,1.0,0.0,-1.0,-2.6948419387607653e-15,-1.0,0.0,0.5,3.059023205018258e-07,-2.6948419387607653e-15,-1.0,3.726653172078671e-06,0.6366197723675814,-0.707106781186549,-1.8757962058216628,0.0
0.751,0.0,1.0,0.0,-0.9995065603657316,0.031410759078127196,-1.0,-0.019999999999999574,0.5099999999999998,2.998450487173476e-07,0.031410759078127196,-0.9995065603657316,3.371340898528167e-06,0.6340709223489129,-0.6706762554817526,-1.9896275285310643,0.0
0.752,0.0,1.0,0.0,-0.9980267284282716,0.06279051952931387,-1.0,-0.03999999999999915,0.5199999999999996,2.9390771895034317e-07,0.06279051952931387,-0.9980267284282716,3.0486856336898613e-06,0.6315173685978052,-0.6325312303440273,0.37071197001872386,0.0
0.753,0.0,1.0,0.0,-0.9955619646030801,0.09410831331851287,-1.0,-0.0600000000000005,0.5300000000000002,2.880879561897412e-07,0.09410831331851287,-0.9955619646030801,2.7558076511768366e-06,0.6289591683603659,-0.5927657381934819,0.5616602427333631,0.0
0.754,0.0,1.0,0.0,-0.9921147013144778,0.1253332335643044,-1.0,-0.08000000000000007,0.54,2.823834324528391e-07,0.1253332335643044,-0.9921147013144778,2.4900693412097526e-06,0.6263963789576816,-0.5514781580596793,-0.44959339380412666,0.0
0.755,0.0,1.0,0.0,-0.987688340595138,0.15643446504022906,-1.0,-0.09999999999999964,0.5499999999999998,2.767918658540807e-07,0.15643446504022906,-0.987688340595138,2.2490559670323425e-06,0.6238290577842512,-0.5087709805517665,-0.5506130686468188,0.0
0.756,0.0,1.0,0.0,-0.9822872507286887,0.1873813145857244,-1.0,-0.120000000000001,0.5600000000000005,2.713110196922709e-07,0.1873813145857244,-0.9822872507286887,2.0305578494036836e-06,0.6212572623064182,-0.46475056128255526,2.007839020411998,0.0
0.757,0.0,1.0,0.0,-0.9759167619387479,0.21814324139654043,-1.0,-0.14000000000000057,0.5700000000000003,2.659387015558671e-07,0.21814324139654043,-0.9759167619387479,1.8325538821297706e-06,0.6186810500608021,-0.4195268633145423,0.6073152292325442,0.0
0.758,0.0,1.0,0.0,-0.9685831611286313,0.24868988716485424,-1.0,-0.16000000000000014,0.5800000000000001,2.6067276244598215e-07,0.24868988716485424,-0.9685831611286313,1.653196287427534e-06,0.6161004786527265,-0.37321318922775343,-0.002541416824508789,0.0
0.759,0.0,1.0,0.0,-0.9602936856769427,0.2789911060392302,-1.0,-0.17999999999999972,0.5899999999999999,2.555110959167588e-07,0.2789911060392302,-0.9602936856769427,1.4907965254580707e-06,0.6135156057546487,-0.3259259034399757,0.9191612113742752,0.0
0.76,0.0,1.0,0.0,-0.9510565162951539,0.30901699437494656,-1.0,-0.1999999999999993,0.5999999999999996,2.504516372327617e-07,0.30901699437494656,-0.9510565162951539,1.3438122776315214e-06,0.6109264891045848,-0.27778414543903,0.6024558304015176,0.0
0.761,0.0,1.0,0.0,-0.9408807689542252,0.33873792024529203,-1.0,-0.22000000000000064,0.6100000000000003,2.454923625430579e-07,0.33873792024529203,-0.9408807689542252,1.2108354282827543e-06,0.6083331865045359,-0.22890953461447186,1.461942419303118,0.0
0.762,0.0,1.0,0.0,-0.9297764858882519,0.36812455268467675,-1.0,-0.2400000000000002,0.6200000000000001,2.4063128807164646e-07,0.36812455268467675,-0.9297764858882519,1.0905809740539829e-06,0.605735755818912,-0.17942586740230468,1.1946290198229728,0.0
0.763,0.0,1.0,0.0,-0.917754625683981,0.3971478906347809,-1.0,-0.2599999999999998,0.6299999999999999,2.3586646932392362e-07,0.3971478906347809,-0.917754625683981,9.818767948068164e-07,0.6031342549729547,-0.12945880748059493,-0.08626279571677548,0.0
0.764,0.0,1.0,0.0,-0.9048270524660202,0.42577929156507116,-1.0,-0.28000000000000114,0.6400000000000006,2.311960003088581e-07,0.42577929156507116,-0.9048270524660202,8.836542241315629e-07,0.6005287419511588,-0.07913556977678317,0.9932680949000474,0.0
0.765,0.0,1.0,0.0,-0.8910065241883679,0.45399049973954675,-1.0,-0.3000000000000007,0.6500000000000004,2.26618012776571e-07,0.45399049973954675,-0.8910065241883679,7.949393615349141e-07,0.5979192747956933,-0.028584599068315057,0.8338026594096564,0.0
0.766,0.0,1.0,0.0,-0.8763066800438646,0.4817536741017135,-1.0,-0.3200000000000003,0.6600000000000001,2.2213067547100832e-07,0.4817536741017135,-0.8763066800438646,7.1484507217795e-07,0.5953059116048204,0.022064756022662713,-1.2418584133357027,0.0
0.767,0.0,1.0,0.0,-0.8607420270039439,0.509041415750371,-1.0,-0.33999999999999986,0.6699999999999999,2.1773219339741586e-07,0.509041415750371,-0.8607420270039439,6.425636236137049e-07,0.5926887105313143,0.07268257282281348,0.9604800057295222,0.0
0.768,0.0,1.0,0.0,-0.8443279255020144,0.5358267949789977,-1.0,-0.35999999999999943,0.6799999999999997,2.1342080710431698e-07,0.5358267949789977,-0.8443279255020144,5.773599123465929e-07,0.5900677297808786,0.12313868735637251,-1.3376534829926432,0.0
0.769,0.0,1.0,0.0,-0.8270805742745623,0.5620833778521299,-1.0,-0.3800000000000008,0.6900000000000004,2.0919479197970816e-07,0.5620833778521299,-0.8270805742745623,5.185652362136098e-07,0.5874430276105632,0.17330302920313456,0.5017233990514933,0.0
0.77,0.0,1.0,0.0,-0.8090169943749469,0.5877852522924738,-1.0,-0.40000000000000036,0.7000000000000002,2.0505245756119267e-07,0.5877852522924738,-0.8090169943749469,4.6557157157830866e-07,0.5848146623271794,0.22304595760890966,2.4437832527342342,0.0
0.771,0.0,1.0,0.0,-0.7901550123756911,0.6129070536529756,-1.0,-0.41999999999999993,0.71,2.009921468597709e-07,0.6129070536529756,-0.7901550123756911,4.1782631714166553e-07,0.5821826922857155,0.2722385979826947,1.890466182752982,0.0
0.772,0.0,1.0,0.0,-0.7705132427757889,0.6374239897486901,-1.0,-0.4400000000000013,0.7200000000000006,1.9701223569702404e-07,0.6374239897486901,-0.7705132427757889,3.7482746881752343e-07,0.5795471758877502,0.32075317790833524,0.910825652594634,0.0
0.773,0.0,1.0,0.0,-0.7501110696304605,0.6613118653236507,-1.0,-0.46000000000000085,0.7300000000000004,1.9311113205542048e-07,0.6613118653236507,-0.7501110696304605,3.361191926025446e-07,0.5769081715798666,0.36846336179410905,-0.007878970470170728,0.0
0.774,0.0,1.0,0.0,-0.7289686274214114,0.6845471059286887,-1.0,-0.4800000000000004,0.7400000000000002,1.8928727544148886e-07,0.6845471059286887,-0.7289686274214114,3.0128776469953434e-07,0.5742657378520647,0.41524458328161645,-0.17561643292758025,0.0
0.775,0.0,1.0,0.0,-0.7071067811865488,0.7071067811865462,-1.0,-0.5,0.75,1.8553913626159784e-07,0.7071067811865462,-0.7071067811865488,2.699578503363014e-07,0.5716199332361733,0.4609743745354608,1.1698499612080047,0.0
0.776,0.0,1.0,0.0,-0.6845471059286888,0.7289686274214113,-1.0,-0.5199999999999996,0.7599999999999998,1.8186521521009957e-07,0.7289686274214113,-0.6845471059286888,2.417890947674722e-07,0.5689708163042618,0.5055326915379096,0.43124999490876603,0.0
0.777,0.0,1.0,0.0,-0.6613118653236508,0.7501110696304605,-1.0,-0.5400000000000009,0.7700000000000005,1.7826404266958688e-07,0.7501110696304605,-0.6613118653236508,2.1647300186109765e-07,0.5663184456670506,0.5488022345173693,-1.6789095873786222,0.0
0.778,0.0,1.0,0.0,-0.6374239897486902,0.7705132427757888,-1.0,-0.5600000000000005,0.7800000000000002,1.7473417812302795e-07,0.7705132427757888,-0.6374239897486902,1.9373007746248273e-07,0.5636628799723218,0.590668762646864,1.641820496213263,0.0
0.779,0.0,1.0,0.0,-0.6129070536529757,0.790155012375691,-1.0,-0.5800000000000001,0.79,1.7127420957753834e-07,0.790155012375691,-0.6129070536529757,1.7330721640121203e-07,0.5610041779033298,0.6310214021580662,-0.8616078114290411,0.0
0.78,0.0,1.0,0.0,-0.5877852522924739,0.8090169943749469,-1.0,-0.6000000000000014,0.8000000000000007,1.6788275299956632e-07,0.8090169943749469,-0.5877852522924739,1.5497531357028967e-07,0.5583423981772098,0.6697529470283677,-0.02548416623313343,0.0
0.781,0.0,1.0,0.0,-0.56208337785213,0.8270805742745622,-1.0,-0.620000000000001,0.8100000000000005,1.6455845176126038e-07,0.8270805742745622,-0.56208337785213,1.385270809649154e-07,0.5556775995433878,0.7067601514124295,0.34325969916847326,0.0
0.782,0.0,1.0,0.0,-0.5358267949789978,0.8443279255020144,-1.0,-0.6400000000000006,0.8200000000000003,1.612999760978012e-07,0.8443279255020144,-0.5358267949789978,1.2377505392864615e-07,0.5530098407819891,0.7419440130063877,-1.343972583767869,0.0
0.783,0.0,1.0,0.0,-0.5090414157503711,0.8607420270039438,-1.0,-0.6600000000000001,0.8300000000000001,1.5810602257547612e-07,0.8607420270039438,-0.5090414157503711,1.1054977112226558e-07,0.5503391807022472,0.775210046551227,-1.2887887425835916,0.0
0.784,0.0,1.0,0.0,-0.4817536741017167,0.8763066800438628,-1.0,-0.6799999999999997,0.8399999999999999,1.5497531357028967e-07,0.8763066800438628,-0.4817536741017167,9.869811391105964e-08,0.5476656781409125,0.8064685467029734,-0.6119992000488742,0.0
0.785,0.0,1.0,0.0,-0.45399049973954686,0.8910065241883678,-1.0,-0.7000000000000011,0.8500000000000005,1.5190659675689612e-07,0.8910065241883678,-0.45399049973954686,8.808179196460557e-08,0.5449893919606601,0.8356348395205004,-0.8648922767493505,0.0
0.786,0.0,1.0,0.0,-0.42577929156507127,0.9048270524660201,-1.0,-0.7200000000000006,0.8600000000000003,1.488986446076539e-07,0.9048270524660201,-0.42577929156507127,7.857596288459753e-08,0.5423103810484979,0.8626295218469038,1.2635587575992977,0.0
0.787,0.0,1.0,0.0,-0.397147890634781,0.9177546256839809,-1.0,-0.7400000000000002,0.8700000000000001,1.4595025390159645e-07,0.9177546256839809,-0.397147890634781,7.006797462536955e-08,0.5396287043141756,0.8873786878878871,0.527035528075867,0.0
0.788,0.0,1.0,0.0,-0.36812455268467686,0.9297764858882518,-1.0,-0.7600000000000016,0.8800000000000008,1.43060245243129e-07,0.9297764858882518,-0.36812455268467686,6.245622035317746e-08,0.5369444206885922,0.9098141423200152,-0.5170313172669174,0.0
0.789,0.0,1.0,0.0,-0.33873792024529215,0.9408807689542252,-1.0,-0.7800000000000011,0.8900000000000006,1.4022746259025391e-07,0.9408807689542252,-0.33873792024529215,5.564909620820246e-08,0.5342575891222038,0.9298735992931274,0.025742387364941197,0.0
0.79,0.0,1.0,0.0,-0.3090169943749467,0.9510565162951539,-1.0,-0.8000000000000007,0.9000000000000004,1.374507727921396e-07,0.9510565162951539,-0.3090169943749467,4.956405319172498e-08,0.5315682685834323,0.9475008667245632,-1.334011337602641,0.0
0.791,0.0,1.0,0.0,-0.27899110603923033,0.9602936856769427,-1.0,-0.8200000000000003,0.9100000000000001,1.3472906513584356e-07,0.9602936856769427,-0.27899110603923033,4.412673510381484e-08,0.5288765180570737,0.9626460153180572,0.033092250927492024,0.0
0.792,0.0,1.0,0.0,-0.24868988716485435,0.9685831611286312,-1.0,-0.8399999999999999,0.9199999999999999,1.3206125090201331e-07,0.9685831611286312,-0.24868988716485435,3.927019510784411e-08,0.5261823965427067,0.9752655317771396,0.47190884001010786,0.0
0.793,0.0,1.0,0.0,-0.218143241396544,0.9759167619387471,-1.0,-0.8600000000000012,0.9300000000000006,1.2944626292938382e-07,0.9759167619387471,-0.218143241396544,3.493418410057645e-08,0.5234859630531007,0.9853224557215501,0.2669232323886941,0.0
0.794,0.0,1.0,0.0,-0.18738131458572455,0.9822872507286887,-1.0,-0.8800000000000008,0.9400000000000004,1.2688305518789952e-07,0.9822872507286887,-0.18738131458572455,3.1064504623776206e-08,0.520787276612626,0.9927864998553929,1.4201828594779826,0.0
0.795,0.0,1.0,0.0,-0.1564344650402292,0.987688340595138,-1.0,-0.9000000000000004,0.9500000000000002,1.2437060236028695e-07,0.987688340595138,-0.1564344650402292,2.761242456828035e-08,0.518086396255662,0.9976341529776089,0.43077493361244795,0.0
0.796,0.0,1.0,0.0,-0.1253332335643045,0.9921147013144778,-1.0,-0.9200000000000017,0.9600000000000009,1.2190789943191535e-07,0.9921147013144778,-0.1253332335643045,2.453414539715462e-08,0.5153833810250072,0.9998487654683927,0.20008523438771378,0.0
0.797,0.0,1.0,0.0,-0.09410831331851299,0.9955619646030801,-1.0,-0.9400000000000013,0.9700000000000006,1.1949396128877681e-07,0.9955619646030801,-0.09410831331851299,2.1790320053650013e-08,0.5126782899702899,0.9994206169297362,0.0732526538939598,0.0
0.798,0.0,1.0,0.0,-0.062790519529314,0.9980267284282716,-1.0,-0.9600000000000009,0.9800000000000004,1.1712782232342765e-07,0.9980267284282716,-0.062790519529314,1.934561612473004e-08,0.5099711821463774,0.9963469657038793,0.22497853542243917,0.0
0.799,0.0,1.0,0.0,-0.03141075907812732,0.9995065603657316,-1.0,-0.9800000000000004,0.9900000000000002,1.148085360487332e-07,0.9995065603657316,-0.03141075907812732,1.716832020435101e-08,0.5072621166117888,0.9906320800401932,0.19315645982141394,0.0
0.8,0.0,1.0,0.0,-9.797174393178826e-16,1.0,-1.0,-1.0,-1.0,1.1253517471925912e-07,1.0,-9.797174393178826e-16,1.522997974471263e-08,0.5045511524271046,0.9822872507286882,0.918683416176322,1.0
0.801,0.0,1.0,0.0,0.03141075907812891,0.9995065603657315,1.0,-0.9800000000000004,-0.9900000000000002,1.1030682896016174e-07,0.9995065603657315,0.03141075907812891,1.3505079000454302e-08,0.5018383486533805,0.9713307850668914,-0.0938424620887979,0.0
0.802,0.0,1.0,0.0,0.06279051952931558,0.9980267284282714,1.0,-0.9600000000000009,-0.9800000000000004,1.0812260740342576e-07,0.9980267284282714,0.06279051952931558,1.197074596224002e-08,0.4991237643505597,0.9577879820760186,0.7817227086295336,0.0
0.803,0.0,1.0,0.0,0.09410831331851457,0.99556196460308,1.0,-0.9399999999999977,-0.9699999999999989,1.0598163633130514e-07,0.99556196460308,0.09410831331851457,1.0606487444203965e-08,0.4964074585758858,0.9416910889322325,-0.5403460688406139,0.0
0.804,0.0,1.0,0.0,0.1253332335643061,0.9921147013144775,1.0,-0.9199999999999982,-0.9599999999999991,1.0388305932682398e-07,0.9921147013144775,0.1253332335643061,9.393949736049535e-09,0.49368949038231813,0.9230792386290617,0.4084277364586599,0.0
0.805,0.0,1.0,0.0,0.15643446504023079,0.9876883405951378,1.0,-0.8999999999999986,-0.9499999999999993,1.0182603693119986e-07,0.9876883405951378,0.15643446504023079,8.316702456828333e-09,0.4909699188169458,0.901998368937559,-0.5463896405055934,0.0
0.806,0.0,1.0,0.0,0.1873813145857261,0.9822872507286884,1.0,-0.879999999999999,-0.9399999999999995,9.980974630804682e-08,0.9822872507286884,0.1873813145857261,7.360043455081694e-09,0.48824880291940415,0.8785011227817249,1.8894778212845051,0.0
0.807,0.0,1.0,0.0,0.21814324139654212,0.9759167619387475,1.0,-0.8599999999999994,-0.9299999999999997,9.783338091423136e-08,0.9759167619387475,0.21814324139654212,6.510822790517173e-09,0.48552620172029165,0.8526467301973799,-0.9669212295178846,0.0
0.808,0.0,1.0,0.0,0.2486898871648559,0.9685831611286309,1.0,-0.8399999999999999,-0.9199999999999999,9.589615017724404e-08,0.9685831611286309,0.2486898871648559,5.757284007027173e-09,0.482802174239587,0.824500872093591,0.9343387596629792,0.0
0.809,0.0,1.0,0.0,0.2789911060392285,0.9602936856769433,1.0,-0.8200000000000003,-0.9100000000000001,9.399727917896002e-08,0.9602936856769433,0.2789911060392285,5.088921066861968e-09,0.4800767794850684,0.7941355260861608,0.8447820500799323,0.0
0.81,0.0,1.0,0.0,0.3090169943749482,0.9510565162951533,1.0,-0.7999999999999972,-0.8999999999999986,9.213600834566135e-08,0.9510565162951533,0.3090169943749482,4.49634946228087e-09,0.4773500764507324,0.7616287947229166,-0.048428438232887075,0.0
0.811,0.0,1.0,0.0,0.33873792024529364,0.9408807689542247,1.0,-0.7799999999999976,-0.8899999999999988,9.031159314419742e-08,0.9408807689542247,0.33873792024529364,3.971190155082795e-09,0.47462212411521587,0.7270647164702407,-1.2495838382600617,0.0
0.812,0.0,1.0,0.0,0.36812455268467836,0.9297764858882512,1.0,-0.759999999999998,-0.879999999999999,8.85233037841615e-08,0.9297764858882512,0.36812455268467836,3.505965117042003e-09,0.47189298144021674,0.6905330598790839,-0.14110935807580255,0.0
0.813,0.0,1.0,0.0,0.39714789063477923,0.9177546256839818,1.0,-0.740000000000002,-0.870000000000001,8.677042492596601e-08,0.9177546256839818,0.39714789063477923,3.0940033563592062e-09,0.469162707368918,0.6521291013973931,-0.11114074752628883,0.0
0.814,0.0,1.0,0.0,0.4257792915650695,0.904827052466021,1.0,-0.7200000000000024,-0.8600000000000012,8.505225539469533e-08,0.904827052466021,0.4257792915650695,2.7293564176286634e-09,0.4664313608244104,0.6119533873425799,-1.4812125350544072,0.0
0.815,0.0,1.0,0.0,0.4539904997395451,0.8910065241883687,1.0,-0.7000000000000028,-0.8500000000000014,8.336810789962771e-08,0.8910065241883687,0.4539904997395451,2.406722436301052e-09,0.4636990007081199,0.5701114805945909,0.06365916277406092,0.0
0.816,0.0,1.0,0.0,0.4817536741017119,0.8763066800438655,1.0,-0.6799999999999997,-0.8399999999999999,8.171730875930955e-08,0.8763066800438655,0.4817536741017119,2.1213779139165897e-09,0.46096568589823333,0.5267136926145762,1.126878025625452,0.0
0.817,0.0,1.0,0.0,0.5090414157503693,0.8607420270039448,1.0,-0.6600000000000001,-0.8300000000000001,8.009919763207375e-08,0.8607420270039448,0.5090414157503693,1.869116458164138e-09,0.45823147524812674,0.4818748014384096,0.2650976669961278,0.0
0.818,0.0,1.0,0.0,0.5358267949789931,0.8443279255020173,1.0,-0.6400000000000006,-0.8200000000000003,7.851312725189432e-08,0.8443279255020173,0.5358267949789931,1.6461938027106935e-09,0.4554964275847947,0.43571375633630277,0.24806253198174066,0.0
0.819,0.0,1.0,0.0,0.5620833778521285,0.8270805742745633,1.0,-0.620000000000001,-0.8100000000000005,7.69584631694713e-08,0.8270805742745633,0.5620833778521285,1.4492784863158007e-09,0.45276060170728183,0.3883533698704775,2.216804538040299,0.0
0.82,0.0,1.0,0.0,0.5877852522924724,0.809016994374948,1.0,-0.6000000000000014,-0.8000000000000007,7.543458349844258e-08,0.809016994374948,0.5877852522924724,1.2754076295260442e-09,0.45002405638511495,0.33991999812207413,-1.1859836060322828,0.0
0.821,0.0,1.0,0.0,0.6129070536529742,0.7901550123756922,1.0,-0.5800000000000018,-0.7900000000000009,7.394087866662085e-08,0.7901550123756922,0.6129070536529742,1.1219473007247633e-09,0.447286850356737,0.29054320989523663,1.654963608501938,0.0
0.822,0.0,1.0,0.0,0.6374239897486886,0.7705132427757901,1.0,-0.5600000000000023,-0.7800000000000011,7.247675117215756e-08,0.7705132427757901,0.6374239897486886,9.865570119419474e-10,0.44454904232794296,0.24035544574206377,0.38146521327226524,0.0
0.823,0.0,1.0,0.0,0.6613118653236494,0.7501110696304617,1.0,-0.5399999999999991,-0.7699999999999996,7.104161534453269e-08,0.7501110696304617,0.6613118653236494,8.671579290234137e-10,0.44181069097031667,0.18949166768466255,1.391120945873548,0.0
0.824,0.0,1.0,0.0,0.6845471059286874,0.7289686274214127,1.0,-0.5199999999999996,-0.7599999999999998,6.96348971102798e-08,0.7289686274214127,0.6845471059286874,7.619044208991638e-10,0.4390718549196702,0.13808900054203704,-0.9898913547483243,0.0
0.825,0.0,1.0,0.0,0.7071067811865449,0.7071067811865501,1.0,-0.5,-0.75,6.82560337633487e-08,0.7071067811865501,0.7071067811865449,6.691586091292782e-10,0.4363325927744838,0.08628636579792201,0.2233650937234002,0.0
0.826,0.0,1.0,0.0,0.7289686274214101,0.6845471059286902,1.0,-0.4800000000000004,-0.7400000000000002,6.690447374001552e-08,0.6845471059286902,0.7289686274214101,5.874676119650493e-10,0.4335929630943489,0.034224108972254884,2.4735555472291795,0.0
0.827,0.0,1.0,0.0,0.7501110696304568,0.6613118653236549,1.0,-0.46000000000000085,-0.7300000000000004,6.557967639824989e-08,0.6613118653236549,0.7501110696304568,5.15543207139699e-10,0.4308530243984124,-0.017956378517446147,-0.06924793563944809,0.0
0.828,0.0,1.0,0.0,0.7705132427757877,0.6374239897486916,1.0,-0.4400000000000013,-0.7200000000000006,6.42811118014509e-08,0.6374239897486916,0.7705132427757877,4.5224366476950744e-10,0.4281128351638219,-0.07011304199685958,0.3079944257942175,0.0
0.829,0.0,1.0,0.0,0.7901550123756899,0.6129070536529772,1.0,-0.4200000000000017,-0.7100000000000009,6.300826050646519e-08,0.6129070536529772,0.7901550123756899,3.965575263521834e-10,0.42537245382417455,-0.12210354965139768,0.7457571879214197,0.0
0.83,0.0,1.0,0.0,0.8090169943749458,0.5877852522924754,1.0,-0.40000000000000213,-0.7000000000000011,6.176061335580363e-08,0.5877852522924754,0.8090169943749458,3.475891281239922e-10,0.4226319387679663,-0.17378568107611345,-0.836429852181329,0.0
0.831,0.0,1.0,0.0,0.8270805742745612,0.5620833778521316,1.0,-0.38000000000000256,-0.6900000000000013,6.053767127397022e-08,0.5620833778521316,0.8270805742745612,3.0454568719019405e-10,0.4198913483370444,-0.2250177172031141,-0.542781204266588,0.0
0.832,0.0,1.0,0.0,0.8443279255020134,0.5358267949789993,1.0,-0.35999999999999943,-0.6799999999999997,5.93389450678261e-08,0.5358267949789993,0.8443279255020134,2.667257870669008e-10,0.4171507408250608,-0.27565883054062246,0.8844040224319335,0.0
0.833,0.0,1.0,0.0,0.8607420270039429,0.5090414157503726,1.0,-0.33999999999999986,-0.6699999999999999,5.81639552309056e-08,0.5090414157503726,0.8607420270039429,2.3350911574230815e-10,0.4144101744759286,-0.32556947464981983,-0.20183400959917489,0.0
0.834,0.0,1.0,0.0,0.8763066800438619,0.4817536741017183,1.0,-0.3200000000000003,-0.6600000000000001,5.701223175160721e-08,0.4817536741017183,0.8763066800438619,2.0434732424191526e-10,0.41166970748228005,-0.374611771781594,-0.11522263518642764,0.0
0.835,0.0,1.0,0.0,0.891006524188367,0.45399049973954847,1.0,-0.3000000000000007,-0.6500000000000004,5.588331392518268e-08,0.45399049973954847,0.891006524188367,1.7875588711279812e-10,0.4089293979839264,-0.422649897593056,-1.0363098514489837,0.0
0.836,0.0,1.0,0.0,0.9048270524660179,0.42577929156507616,1.0,-0.28000000000000114,-0.6400000000000006,5.477675016944901e-08,0.42577929156507616,0.9048270524660179,1.563068583601908e-10,0.40618930406632164,-0.4695504618655377,0.36057160145681294,0.0
0.837,0.0,1.0,0.0,0.9177546256839803,0.3971478906347827,1.0,-0.26000000000000156,-0.6300000000000008,5.369209784414933e-08,0.3971478906347827,0.9177546256839803,1.3662242729784882e-10,0.40344948375902634,-0.5151828841499541,-1.256255689838409,0.0
0.838,0.0,1.0,0.0,0.9297764858882511,0.3681245526846786,1.0,-0.240000000000002,-0.620000000000001,5.262892307389169e-08,0.3681245526846786,0.9297764858882511,1.19369188623572e-10,0.4007099950341751,-0.55941976327276,1.8861500825807118,0.0
0.839,0.0,1.0,0.0,0.9408807689542246,0.33873792024529387,1.0,-0.21999999999999886,-0.6099999999999994,5.158680057459194e-08,0.33873792024529387,0.9408807689542246,1.042530499043872e-10,0.39797089580494616,-0.6021372396462812,-1.4629470065861208,0.0
0.84,0.0,1.0,0.0,0.9510565162951533,0.3090169943749484,1.0,-0.1999999999999993,-0.5999999999999996,5.05653134833552e-08,0.3090169943749484,0.9510565162951533,9.101470764487935e-11,0.39523224392403317,-0.6432153493404652,1.6673890232080597,0.0
0.841,0.0,1.0,0.0,0.9602936856769423,0.2789911060392321,1.0,-0.17999999999999972,-0.5899999999999999,4.956405319172498e-08,0.2789911060392321,0.9602936856769423,7.942563030126899e-11,0.3924940971821197,-0.6825383688897686,0.6589544860892073,0.0
0.842,0.0,1.0,0.0,0.9685831611286307,0.24868988716485613,1.0,-0.16000000000000014,-0.5800000000000001,4.8582619182234295e-08,0.24868988716485613,0.9685831611286307,6.928449306969014e-11,0.3897565133063559,-0.7199951498281114,0.28582153815568684,0.0
0.843,0.0,1.0,0.0,0.9759167619387467,0.2181432413965458,1.0,-0.14000000000000057,-0.5700000000000003,4.7620618868193396e-08,0.2181432413965458,0.9759167619387467,6.041401508942625e-11,0.3870195499588383,-0.7554794419673826,-0.15385529135880266,0.0
0.844,0.0,1.0,0.0,0.9822872507286884,0.18738131458572635,1.0,-0.120000000000001,-0.5600000000000005,4.667766743664983e-08,0.18738131458572635,0.9822872507286884,5.2658154923892014e-11,0.3842832647350909,-0.7888902044601419,1.6126482327605294,0.0
0.845,0.0,1.0,0.0,0.9876883405951377,0.156434465040231,1.0,-0.10000000000000142,-0.5500000000000007,4.5753387694458114e-08,0.156434465040231,0.9876883405951377,4.5879624871392916e-11,0.38154771516255087,-0.8201319037155212,-0.7863903461165429,0.0
0.846,0.0,1.0,0.0,0.9921147013144775,0.12533323356430634,1.0,-0.08000000000000185,-0.5400000000000009,4.484740991739733e-08,0.12533323356430634,0.9921147013144775,3.9957688866278e-11,0.37881295869905535,-0.8491147972681674,1.1113090248250521,0.0
0.847,0.0,1.0,0.0,0.99556196460308,0.09410831331851482,1.0,-0.060000000000002274,-0.5300000000000011,4.39593717022771e-08,0.09410831331851482,0.99556196460308,3.4786212506325875e-11,0.37607905273133124,-0.8757552027338359,1.4282677956218361,0.0
0.848,0.0,1.0,0.0,0.9980267284282714,0.06279051952931583,1.0,-0.03999999999999915,-0.5199999999999996,4.308891782197055e-08,0.06279051952931583,0.9980267284282714,3.0271937126909755e-11,0.3733460545734883,-0.8999757510217682,-0.4483066625076364,0.0
0.849,0.0,1.0,0.0,0.9995065603657315,0.03141075907812915,1.0,-0.019999999999999574,-0.5099999999999998,4.223570008331936e-08,0.03141075907812915,0.9995065603657315,2.633295287549553e-11,0.3706140214655144,-0.9217056230128589,-0.7892481519462127,0.0
0.85,0.0,1.0,0.0,1.0,2.8173066186755008e-15,1.0,0.0,-0.5,4.139937718785167e-08,2.8173066186755008e-15,1.0,2.289734845645553e-11,0.3678830105717742,-0.9408807689542257,-0.3172721230858341,0.0
0.851,0.0,1.0,0.0,0.9995065603657316,-0.03141075907812708,1.0,0.019999999999999574,-0.4900000000000002,4.0579614595258174e-08,-0.03141075907812708,0.9995065603657316,1.9902017647819294e-11,0.3651530789795105,-0.9574441098646903,0.24666806934123947,0.0
0.852,0.0,1.0,0.0,0.9980267284282718,-0.06279051952931021,1.0,0.03999999999999915,-0.4800000000000004,3.977608438957152e-08,-0.06279051952931021,0.9980267284282718,1.7291604867152327e-11,0.3624242836973482,-0.9713457202919302,-0.6239897011565647,0.0
0.853,0.0,1.0,0.0,0.9955619646030801,-0.09410831331851274,1.0,0.05999999999999872,-0.47000000000000064,3.898846514799556e-08,-0.09410831331851274,0.9955619646030801,1.5017574009221143e-11,0.3596966816538013,-0.9825429918104372,0.07890531522777475,0.0
0.854,0.0,1.0,0.0,0.9921147013144779,-0.12533323356430426,1.0,0.0799999999999983,-0.46000000000000085,3.8216441812331795e-08,-0.12533323356430426,0.9921147013144779,1.303738651690053e-11,0.35697032969578407,-0.9910007766999894,-0.21519777182194932,0.0
0.855,0.0,1.0,0.0,0.987688340595138,-0.15643446504022895,1.0,0.10000000000000142,-0.4499999999999993,3.745970556295245e-08,-0.15643446504022895,0.987688340595138,1.1313776200065328e-11,0.3542452845871236,-0.9966915112967067,-0.22988027963066082,0.0
0.856,0.0,1.0,0.0,0.9822872507286887,-0.1873813145857243,1.0,0.120000000000001,-0.4399999999999995,3.671795369526769e-08,-0.1873813145857243,0.9822872507286887,9.81410970406499e-12,0.35152160300707647,-0.9995953185630547,1.254043503478893,0.0
0.857,0.0,1.0,0.0,0.9759167619387479,-0.21814324139654032,1.0,0.14000000000000057,-0.4299999999999997,3.599088949864028e-08,-0.21814324139654032,0.9759167619387479,8.50982276699679e-12,0.3487993415488481,-0.9997000894790719,-1.524379682680645,0.0
0.858,0.0,1.0,0.0,0.9685831611286313,-0.2486898871648541,1.0,0.16000000000000014,-0.41999999999999993,3.527822213769725e-08,-0.2486898871648541,0.9685831611286313,7.375923508873931e-12,0.3460785567181159,-0.9970015429145436,-0.6368524004737822,0.0
0.859,0.0,1.0,0.0,0.9602936856769438,-0.2789911060392267,1.0,0.17999999999999972,-0.41000000000000014,3.457966653599186e-08,-0.2789911060392267,0.9602936856769438,6.390554979873853e-12,0.3433593049315551,-0.9915032637006724,-1.351892382450116,0.0
0.86,0.0,1.0,0.0,0.9510565162951539,-0.3090169943749464,1.0,0.1999999999999993,-0.40000000000000036,3.389494326196924e-08,-0.3090169943749464,0.9510565162951539,5.5346100717010135e-12,0.340641642515368,-0.9832167186798335,0.7831183670158925,0.0
0.861,0.0,1.0,0.0,0.9408807689542265,-0.33873792024528854,1.0,0.21999999999999886,-0.39000000000000057,3.322377841719001e-08,-0.33873792024528854,0.9408807689542265,4.7913926770013536e-12,0.3379256257038167,-0.9721612505731037,0.34729137345329425,0.0
0.862,0.0,1.0,0.0,0.9297764858882519,-0.36812455268467664,1.0,0.23999999999999844,-0.3800000000000008,3.256590352676716e-08,-0.36812455268467664,0.9297764858882519,4.146319676863116e-12,0.33521131063775916,-0.9583640495672416,-1.297725449990461,0.0
0.863,0.0,1.0,0.0,0.917754625683981,-0.3971478906347808,1.0,0.259999999999998,-0.370000000000001,3.1921055431972965e-08,-0.3971478906347808,0.917754625683981,3.586658954850322e-12,0.3324987533631882,-0.9418601025854934,-0.6963537676269631,0.0
0.864,0.0,1.0,0.0,0.9048270524660202,-0.42577929156507105,1.0,0.28000000000000114,-0.35999999999999943,3.1288976184971305e-08,-0.42577929156507105,0.9048270524660202,3.101299185919418e-12,0.3297880098297751,-0.9226921202698836,0.7245014480458509,0.0
0.865,0.0,1.0,0.0,0.8910065241883679,-0.45399049973954664,1.0,0.3000000000000007,-0.34999999999999964,3.066941294563555e-08,-0.45399049973954664,0.8910065241883679,2.680547637312607e-12,0.3270791358894152,-0.9009104417662539,0.12865908854049218,0.0
0.866,0.0,1.0,0.0,0.8763066800438646,-0.48175367410171344,1.0,0.3200000000000003,-0.33999999999999986,3.0062117880409006e-08,-0.48175367410171344,0.8763066800438646,2.3159526526844042e-12,0.32437218729477857,-0.8765729174670723,0.002755975462571618,0.0
0.867,0.0,1.0,0.0,0.8607420270039439,-0.5090414157503709,1.0,0.33999999999999986,-0.33000000000000007,2.9466848063168206e-08,-0.5090414157503709,0.8607420270039439,2.0001478762037805e-12,0.3216672196978627,-0.8497447699310127,-1.238378059726888,0.0
0.868,0.0,1.0,0.0,0.8443279255020164,-0.5358267949789945,1.0,0.35999999999999943,-0.3200000000000003,2.888336537804922e-08,-0.5358267949789945,0.8443279255020164,1.7267156154687624e-12,0.31896428864855025,-0.8204984332617545,0.494701803709334,0.0
0.869,0.0,1.0,0.0,0.8270805742745623,-0.5620833778521299,1.0,0.379999999999999,-0.3100000000000005,2.8311436424198128e-08,-0.5620833778521299,0.8270805742745623,1.490067045505438e-12,0.3162634495931695,-0.7889133712919277,-0.45882744176046897,0.0
0.87,0.0,1.0,0.0,0.8090169943749491,-0.5877852522924708,1.0,0.3999999999999986,-0.3000000000000007,2.7750832422407467e-08,-0.5877852522924708,0.8090169943749491,1.2853372251336503e-12,0.3135647578730589,-0.7550758749807023,-0.14263053032761613,0.0
0.871,0.0,1.0,0.0,0.7901550123756912,-0.6129070536529755,1.0,0.4200000000000017,-0.28999999999999915,2.72013291236019e-08,-0.6129070536529755,0.7901550123756912,1.1082931353541183e-12,0.3108682687231355,-0.7190788394956691,-2.847026926514364,0.0
0.872,0.0,1.0,0.0,0.770513242775789,-0.63742398974869,1.0,0.4400000000000013,-0.27999999999999936,2.6662706719135e-08,-0.63742398974869,0.770513242775789,9.552531605297848e-13,0.30817403727046633,-0.681021521510715,0.5278483580328414,0.0
0.873,0.0,1.0,0.0,0.7501110696304606,-0.6613118653236507,1.0,0.46000000000000085,-0.2699999999999996,2.6134749752863247e-08,-0.6613118653236507,0.7501110696304606,8.230166200220784e-13,0.30548211853284524,-0.6410092773115185,0.6185266408242656,0.0
0.874,0.0,1.0,0.0,0.7289686274214116,-0.6845471059286887,1.0,0.4800000000000004,-0.2599999999999998,2.5617247034960616e-08,-0.6845471059286887,0.7289686274214116,7.088021232985038e-13,0.30279256741737176,-0.5991532823591755,0.45262212228657617,0.0
0.875,0.0,1.0,0.0,0.7071067811865489,-0.7071067811865461,1.0,0.5,-0.25,2.510999155743982e-08,-0.7071067811865461,0.7071067811865489,6.101936677605324e-13,0.3001054387190354,-0.5555702330196017,-0.725189803617462,0.0
0.876,0.0,1.0,0.0,0.684547105928689,-0.7289686274214113,1.0,0.5199999999999996,-0.2400000000000002,2.4612780411346347e-08,-0.7289686274214113,0.684547105928689,5.250935277974209e-13,0.2974207871193027,-0.5103820312219556,2.285783876863485,0.0
0.877,0.0,1.0,0.0,0.6613118653236536,-0.750111069630458,1.0,0.5399999999999991,-0.23000000000000043,2.4125414705592195e-08,-0.750111069630458,0.6613118653236536,4.516810977668935e-13,0.29473866718470926,-0.46371545286330995,0.4479461328752157,0.0
0.878,0.0,1.0,0.0,0.6374239897486903,-0.7705132427757888,1.0,0.5599999999999987,-0.22000000000000064,2.3647699487396765e-08,-0.7705132427757888,0.6374239897486903,3.8837695244272707e-13,0.29205913336545514,-0.4157018008284371,-0.11933412830180026,0.0
0.879,0.0,1.0,0.0,0.6129070536529786,-0.7901550123756887,1.0,0.5799999999999983,-0.21000000000000085,2.3179443664303073e-08,-0.7901550123756887,0.6129070536529786,3.3381147747068627e-13,0.2893822399940045,-0.36647654354336084,-0.8146391259605594,0.0
0.88,0.0,1.0,0.0,0.587785252292474,-0.8090169943749468,1.0,0.6000000000000014,-0.1999999999999993,2.2720459927738556e-08,-0.8090169943749468,0.587785252292474,2.867975008888098e-13,0.2867080412836898,-0.31617894002871433,-1.2757362923892792,0.0
0.881,0.0,1.0,0.0,0.5620833778521301,-0.8270805742745622,1.0,0.620000000000001,-0.1899999999999995,2.227056467808864e-08,-0.8270805742745622,0.5620833778521301,2.463064259976729e-13,0.28403659132731923,-0.264951652463704,0.8779161304519056,0.0
0.882,0.0,1.0,0.0,0.5358267949789979,-0.8443279255020143,1.0,0.6400000000000006,-0.17999999999999972,2.182957795125478e-08,-0.8443279255020143,0.5358267949789979,2.1144742687895444e-13,0.2813679440957894,-0.2129403473140492,1.269939006808436,0.0
0.883,0.0,1.0,0.0,0.5090414157503712,-0.8607420270039438,1.0,0.6600000000000001,-0.16999999999999993,2.1397323346666342e-08,-0.8607420270039438,0.5090414157503712,1.814493216053718e-13,0.27870215343670157,-0.16029328611642382,0.47284608968059694,0.0
0.884,0.0,1.0,0.0,0.4817536741017168,-0.8763066800438627,1.0,0.6799999999999997,-0.16000000000000014,2.097362795671802e-08,-0.8763066800438627,0.4817536741017168,1.5564478550463911e-13,0.2760392730729825,-0.107160907048932,1.5446755837494912,0.0
0.885,0.0,1.0,0.0,0.45399049973954697,-0.8910065241883678,1.0,0.6999999999999993,-0.15000000000000036,2.0558322297604485e-08,-0.8910065241883678,0.45399049973954697,1.3345660848219891e-13,0.27337935660150897,-0.053695398450464955,0.4472646976896993,0.0
0.886,0.0,1.0,0.0,0.4257792915650746,-0.9048270524660186,1.0,0.7199999999999989,-0.14000000000000057,2.015124024152461e-08,-0.9048270524660186,0.4257792915650746,1.1438573703559516e-13,0.270722457491738,-5.026548243753723e-05,-0.2721211101913449,0.0
0.887,0.0,1.0,0.0,0.3971478906347811,-0.9177546256839809,1.0,0.740000000000002,-0.129999999999999,1.975221895022806e-08,-0.9177546256839809,0.3971478906347811,9.800087379542647e-14,0.26806862908433976,0.05362010884660943,1.384781157469597,0.0
0.888,0.0,1.0,0.0,0.368124552684677,-0.9297764858882518,1.0,0.7600000000000016,-0.11999999999999922,1.9361098809878104e-08,-0.9297764858882518,0.368124552684677,8.392943572505959e-14,0.2654179245898364,0.10716090704892907,0.5149219366494625,0.0
0.889,0.0,1.0,0.0,0.33873792024529226,-0.9408807689542251,1.0,0.7800000000000011,-0.10999999999999943,1.8977723367203524e-08,-0.9408807689542251,0.33873792024529226,7.184969696504818e-14,0.26277039708724453,0.16041732365344105,-1.441401018944051,0.0
0.89,0.0,1.0,0.0,0.3090169943749468,-0.9510565162951538,1.0,0.8000000000000007,-0.09999999999999964,1.860193926691551e-08,-0.9510565162951538,0.3090169943749468,6.148396412704756e-14,0.2601260995227221,0.21323501354779406,-1.772291469423747,0.0
0.891,0.0,1.0,0.0,0.2789911060392305,-0.9602936856769427,1.0,0.8200000000000003,-0.08999999999999986,1.823359619036343e-08,-0.9602936856769427,0.2789911060392305,5.2592650987217054e-14,0.25748508470822085,0.26546054087193327,0.823319387598455,0.0
0.892,0.0,1.0,0.0,0.24868988716485446,-0.9685831611286312,1.0,0.8399999999999999,-0.08000000000000007,1.7872546795405348e-08,-0.9685831611286312,0.24868988716485446,4.496913632023312e-14,0.2548474053201423,0.31694182715900404,1.9096349539999562,0.0
0.893,0.0,1.0,0.0,0.21814324139654415,-0.975916761938747,1.0,0.8599999999999994,-0.07000000000000028,1.751864665746923e-08,-0.975916761938747,0.21814324139654415,3.843530333442902e-14,0.2522131138979984,0.36752859741351623,-2.6570647233746336,0.0
0.894,0.0,1.0,0.0,0.18738131458572466,-0.9822872507286887,1.0,0.879999999999999,-0.0600000000000005,1.717175421178117e-08,-0.9822872507286887,0.18738131458572466,3.28376720656351e-14,0.24958226284307775,0.4170728228149668,1.1157192469314856,0.0
0.895,0.0,1.0,0.0,0.15643446504023284,-0.9876883405951374,1.0,0.8999999999999986,-0.05000000000000071,1.6831730696737537e-08,-0.9876883405951374,0.15643446504023284,2.804404738222797e-14,0.24695490441711568,0.4654291587370385,-2.1405228717481686,0.0
0.896,0.0,1.0,0.0,0.12533323356430462,-0.9921147013144778,1.0,0.9200000000000017,-0.03999999999999915,1.649844009839873e-08,-0.9921147013144778,0.12533323356430462,2.394061514095669e-14,0.2443310907409694,0.5124553767780508,-0.6301774545742987,0.0
0.897,0.0,1.0,0.0,0.09410831331851312,-0.9955619646030801,1.0,0.9400000000000013,-0.02999999999999936,1.6171749096081416e-08,-0.9955619646030801,0.09410831331851312,2.0429427683654458e-14,0.2417108737932978,0.5580127895083151,-0.13765580085006232,0.0
0.898,0.0,1.0,0.0,0.06279051952931412,-0.9980267284282716,1.0,0.9600000000000009,-0.019999999999999574,1.585152700902873e-08,-0.9980267284282716,0.06279051952931412,1.742622742998039e-14,0.2390943054092463,0.601966666653353,-0.49658664860853563,0.0
0.899,0.0,1.0,0.0,0.03141075907812744,-0.9995065603657316,1.0,0.9800000000000004,-0.009999999999999787,1.5537645744136165e-08,-0.9995065603657316,0.03141075907812744,1.4858563933924117e-14,0.23648143727913642,0.644186641449352,-0.8529473233586874,0.0
0.9,0.0,1.0,0.0,1.102182119232618e-15,-1.0,1.0,1.0,0.0,1.522997974471263e-08,-1.0,1.102182119232618e-15,1.2664165549094176e-14,0.23387232094715982,0.6845471059286896,-1.0664855969041704,1.0
0.901,0.0,1.0,0.0,-0.03141075907812879,-0.9995065603657315,-1.0,0.9800000000000004,0.009999999999999787,1.492840594025608e-08,-0.9995065603657315,-0.03141075907812879,1.0789531892916829e-14,0.2312670078100784,0.7229275939180942,0.3571411094263858,0.0
0.902,0.0,1.0,0.0,-0.06279051952931192,-0.9980267284282717,-1.0,0.9600000000000009,0.019999999999999574,1.4632803697223702e-08,-0.9980267284282717,-0.06279051952931192,9.18871770347985e-15,0.22866554911592823,0.7592131505611999,-0.224749023872419,0.0
0.903,0.0,1.0,0.0,-0.09410831331851445,-0.99556196460308,-1.0,0.9399999999999977,0.030000000000001137,1.4343054770776863e-08,-0.99556196460308,-0.09410831331851445,7.822282524614298e-15,0.22606799596272897,0.793294687209498,-1.1772149755617058,0.0
0.904,0.0,1.0,0.0,-0.12533323356430245,-0.9921147013144781,-1.0,0.9199999999999982,0.040000000000000924,1.4059043257481564e-08,-0.9921147013144781,-0.12533323356430245,6.6563840049804555e-15,0.22347439929719848,0.8250693205620571,1.0177291742408152,0.0
0.905,0.0,1.0,0.0,-0.15643446504023065,-0.9876883405951378,-1.0,0.8999999999999986,0.05000000000000071,1.3780655548945718e-08,-0.9876883405951378,-0.15643446504023065,5.6619955169489504e-15,0.2208848099134719,0.8544406949741868,0.3761122709479213,0.0
0.906,0.0,1.0,0.0,-0.187381314585726,-0.9822872507286884,-1.0,0.879999999999999,0.0600000000000005,1.3507780286373975e-08,-0.9822872507286884,-0.187381314585726,4.81423134497543e-15,0.21829927845182676,0.8813192868982825,0.13485861009683056,0.0
0.907,0.0,1.0,0.0,-0.21814324139654198,-0.9759167619387475,-1.0,0.8599999999999994,0.07000000000000028,1.3240308316022919e-08,-0.9759167619387475,-0.21814324139654198,4.0917649083462146e-15,0.21571785539741234,0.905622690466871,-1.0272220817227191,0.0
0.908,0.0,1.0,0.0,-0.24868988716485577,-0.9685831611286309,-1.0,0.8399999999999999,0.08000000000000007,1.297813264553807e-08,-0.9685831611286309,-0.24868988716485577,3.476327411194989e-15,0.21314059107898517,0.9272758832777096,-0.3473508438043629,0.0
0.909,0.0,1.0,0.0,-0.27899110603922833,-0.9602936856769433,-1.0,0.8200000000000003,0.08999999999999986,1.2721148401155511e-08,-0.9602936856769433,-0.27899110603922833,2.9522759899857905e-15,0.21056753566764813,0.9462114714938352,-0.5921669121287481,0.0
0.91,0.0,1.0,0.0,-0.30901699437494806,-0.9510565162951534,-1.0,0.8000000000000007,0.09999999999999964,1.2469252785750989e-08,-0.9510565162951534,-0.30901699437494806,2.5062218871452745e-15,0.20799873917559727,0.9623699134274694,-1.2861275321830228,0.0
0.911,0.0,1.0,0.0,-0.33873792024529015,-0.9408807689542259,-1.0,0.7800000000000011,0.10999999999999943,1.2222345037719687e-08,-0.9408807689542259,-0.33873792024529015,2.1267104471496307e-15,0.20543425145487165,0.9756997208355835,-0.005834681088859447,0.0
0.912,0.0,1.0,0.0,-0.36812455268467825,-0.9297764858882513,-1.0,0.759999999999998,0.120000000000001,1.1980326390670204e-08,-0.9297764858882513,-0.36812455268467825,1.8039458325927787e-15,0.20287412219610967,0.9861576372166038,0.6898430769074843,0.0
0.913,0.0,1.0,0.0,-0.3971478906347791,-0.9177546256839818,-1.0,0.7399999999999984,0.13000000000000078,1.1743100033916847e-08,-0.9177546256839818,-0.3971478906347791,1.5295543139710518e-15,0.20031840092731054,0.9937087924618103,1.4874594259273102,0.0
0.914,0.0,1.0,0.0,-0.4257792915650726,-0.9048270524660196,-1.0,0.7199999999999989,0.14000000000000057,1.1510571073753813e-08,-0.9048270524660196,-0.4257792915650726,1.2963808168255342e-15,0.19776713701260096,0.9983268332815737,1.2840325177625387,0.0
0.915,0.0,1.0,0.0,-0.4539904997395482,-0.8910065241883671,-1.0,0.6999999999999993,0.15000000000000036,1.1282646495496604e-08,-0.8910065241883671,-0.4539904997395482,1.0983141298285972e-15,0.19522037965100755,0.9999940288952797,1.004406808898662,0.0
0.916,0.0,1.0,0.0,-0.48175367410171493,-0.8763066800438638,-1.0,0.6799999999999997,0.16000000000000014,1.105923512627489e-08,-0.8763066800438638,-0.48175367410171493,9.301368016640149e-16,0.1926781778752346,0.9987013515445344,0.4908686359640901,0.0
0.917,0.0,1.0,0.0,-0.5090414157503723,-0.860742027003943,-1.0,0.6600000000000001,0.16999999999999993,1.0840247598562118e-08,-0.860742027003943,-0.5090414157503723,7.873962955934345e-16,0.19014058055044739,0.9944485314617757,0.19935247934114797,0.0
0.918,0.0,1.0,0.0,-0.535826794978996,-0.8443279255020155,-1.0,0.6400000000000006,0.17999999999999972,1.0625596314427333e-08,-0.8443279255020155,-0.535826794978996,6.66294439299505e-16,0.18760763637306033,0.9872440860005758,-0.8002020063556937,0.0
0.919,0.0,1.0,0.0,-0.5620833778521312,-0.8270805742745614,-1.0,0.6199999999999974,0.19000000000000128,1.0415195410494825e-08,-0.8270805742745614,-0.5620833778521312,5.635926134325763e-16,0.18507939386953248,0.9771053227094408,0.9208991670683337,0.0
0.92,0.0,1.0,0.0,-0.5877852522924722,-0.8090169943749481,-1.0,0.5999999999999979,0.20000000000000107,1.0208960723597601e-08,-0.8090169943749481,-0.5877852522924722,4.765304735299088e-16,0.18255590139516661,0.964058316207671,0.8024166378821647,0.0
0.921,0.0,1.0,0.0,-0.6129070536529768,-0.7901550123756901,-1.0,0.5799999999999983,0.21000000000000085,1.0006809757111146e-08,-0.7901550123756901,-0.6129070536529768,4.0275630382617683e-16,0.18003720713291518,0.9481378587994398,1.2955504876537944,0.0
0.922,0.0,1.0,0.0,-0.6374239897486885,-0.7705132427757901,-1.0,0.5599999999999987,0.22000000000000064,9.808661647953444e-09,-0.7705132427757901,-0.6374239897486885,3.402673642039794e-16,0.17752335909219155,0.9293873848407688,0.5717313124660632,0.0
0.923,0.0,1.0,0.0,-0.6613118653236519,-0.7501110696304595,-1.0,0.5399999999999991,0.23000000000000043,9.614437134238822e-09,-0.7501110696304595,-0.6613118653236519,2.8735881860195784e-16,0.175014405107687,0.9078588689528513,2.155124238437475,0.0
0.924,0.0,1.0,0.0,-0.68454710592869,-0.7289686274214103,-1.0,0.5199999999999996,0.2400000000000002,9.424058523572099e-09,-0.7289686274214103,-0.68454710592869,2.425800293551146e-16,0.1725103928381935,0.8836126982544257,-0.3942945227468304,0.0
0.925,0.0,1.0,0.0,-0.7071067811865474,-0.7071067811865477,-1.0,0.5,0.25,9.237449661970594e-09,-0.7071067811865477,-0.7071067811865474,2.0469717131642043e-16,0.17001136976543207,0.8567175188650518,1.834124998547642,0.0
0.926,0.0,1.0,0.0,-0.7289686274214124,-0.6845471059286876,-1.0,0.4800000000000004,0.2599999999999998,9.054535903401516e-09,-0.6845471059286876,-0.7289686274214124,1.7266126578985265e-16,0.1675173831928874,0.8272500570100978,0.6944945580150953,0.0
0.927,0.0,1.0,0.0,-0.7501110696304591,-0.6613118653236523,-1.0,0.46000000000000085,0.2699999999999996,8.875244079922553e-09,-0.6613118653236523,-0.7501110696304591,1.4558086040985296e-16,0.16502848024464783,0.7952949151368376,0.17403454601325924,0.0
0.928,0.0,1.0,0.0,-0.7705132427757898,-0.637423989748689,-1.0,0.4399999999999977,0.28000000000000114,8.699502472413724e-09,-0.637423989748689,-0.7705132427757898,1.226986898379846e-16,0.162544707864251,0.7609443435287502,-1.3879765684695995,0.0
0.929,0.0,1.0,0.0,-0.7901550123756897,-0.6129070536529773,-1.0,0.41999999999999815,0.2900000000000009,8.527240781888743e-09,-0.6129070536529773,-0.7901550123756897,1.0337174586296901e-16,0.16006611281353658,0.7242979879821453,-1.1951828730181093,0.0
0.93,0.0,1.0,0.0,-0.8090169943749478,-0.5877852522924726,-1.0,0.3999999999999986,0.3000000000000007,8.358390101374608e-09,-0.5877852522924726,-0.8090169943749478,8.705426622296251e-17,0.15759274167150378,0.6854626141847737,0.07393178690447992,0.0
0.931,0.0,1.0,0.0,-0.827080574274561,-0.5620833778521317,-1.0,0.379999999999999,0.3100000000000005,8.19288288834771e-09,-0.5620833778521317,-0.827080574274561,7.328322098524098e-17,0.15512464083317493,0.6445518095105484,1.4914451524473684,0.0
0.932,0.0,1.0,0.0,-0.8443279255020152,-0.5358267949789963,-1.0,0.35999999999999943,0.3200000000000003,8.030652937716047e-09,-0.5358267949789963,-0.8443279255020152,6.16659351490994e-17,0.15266185650846564,0.6016856630169284,-0.7515413137270024,0.0
0.933,0.0,1.0,0.0,-0.8607420270039446,-0.5090414157503697,-1.0,0.33999999999999986,0.33000000000000007,7.87163535533627e-09,-0.5090414157503697,-0.8607420270039446,5.1869537608476955e-17,0.15020443472106065,0.5569904245024604,-0.45226642429656483,0.0
0.934,0.0,1.0,0.0,-0.8763066800438636,-0.4817536741017153,-1.0,0.3200000000000003,0.33999999999999986,7.715766532055164e-09,-0.4817536741017153,-0.8763066800438636,4.3611970869317117e-17,0.14775242130729563,0.5105981435503621,1.5130363022587516,0.0
0.935,0.0,1.0,0.0,-0.8910065241883686,-0.4539904997395454,-1.0,0.29999999999999716,0.3500000000000014,7.56298411826514e-09,-0.4539904997395454,-0.8910065241883686,3.665433395601045e-17,0.1453058619150453,0.4626462895504866,-2.4154735471991495,0.0
0.936,0.0,1.0,0.0,-0.9048270524660194,-0.42577929156507305,-1.0,0.2799999999999976,0.3600000000000012,7.413226998963554e-09,-0.42577929156507305,-0.9048270524660194,3.0794363620319316e-17,0.14286480200261778,0.4132773537556318,-0.447048453519405,0.0
0.937,0.0,1.0,0.0,-0.9177546256839816,-0.39714789063477957,-1.0,0.259999999999998,0.370000000000001,7.266435269305871e-09,-0.39714789063477957,-0.9177546256839816,2.5860887027412605e-17,0.1404292868376541,0.3626384344889857,-1.1724492624234613,0.0
0.938,0.0,1.0,0.0,-0.9297764858882498,-0.368124552684682,-1.0,0.240000000000002,0.379999999999999,7.1225502106430335e-09,-0.368124552684682,-0.9297764858882498,2.170910317848089e-17,0.13799936149603606,0.31088080667763457,0.5554387954999803,0.0
0.939,0.0,1.0,0.0,-0.9408807689542246,-0.338737920245294,-1.0,0.22000000000000242,0.3899999999999988,6.981514267033055e-09,-0.338737920245294,-0.9408807689542246,1.8216570991862212e-17,0.13557507086079737,0.25815947694153546,0.5069640156653461,0.0
0.94,0.0,1.0,0.0,-0.9510565162951532,-0.3090169943749485,-1.0,0.20000000000000284,0.3999999999999986,6.843271022217988e-09,-0.3090169943749485,-0.9510565162951532,1.5279799682873048e-17,0.13315645962104422,0.20463272551897044,1.4038822293877868,0.0
0.941,0.0,1.0,0.0,-0.9602936856769422,-0.2789911060392322,-1.0,0.17999999999999972,0.41000000000000014,6.707765177056637e-09,-0.2789911060392322,-0.9602936856769422,1.2811352269147482e-17,0.13074357227087888,0.1504616363569988,-1.5567619689771668,0.0
0.942,0.0,1.0,0.0,-0.9685831611286307,-0.24868988716485624,-1.0,0.16000000000000014,0.41999999999999993,6.574942527404171e-09,-0.24868988716485624,-0.9685831611286307,1.073738603903379e-17,0.1283364531083326,0.09580961673974903,-2.106151372063315,0.0
0.943,0.0,1.0,0.0,-0.9759167619387467,-0.21814324139654592,-1.0,0.14000000000000057,0.4299999999999997,6.444749942429736e-09,-0.21814324139654592,-0.9759167619387467,8.995564962121935e-18,0.12593514623430277,0.0408419078672397,-1.2435499749214227,0.0
0.944,0.0,1.0,0.0,-0.9822872507286883,-0.18738131458572646,-1.0,0.120000000000001,0.4399999999999995,6.317135343363417e-09,-0.18738131458572646,-0.9822872507286883,7.533288557462685e-18,0.12353969555149727,-0.014274912166219787,2.354035274569254,0.0
0.945,0.0,1.0,0.0,-0.9876883405951371,-0.15643446504023464,-1.0,0.10000000000000142,0.4499999999999993,6.192047682664017e-09,-0.15643446504023464,-0.9876883405951371,6.306189893986447e-18,0.12115014476338516,-0.06937343151337902,0.38980831783288594,0.0
0.946,0.0,1.0,0.0,-0.9921147013144775,-0.12533323356430645,-1.0,0.08000000000000185,0.4599999999999991,6.0694369235994405e-09,-0.12533323356430645,-0.9921147013144775,5.276862374834124e-18,0.11876653737315364,-0.12428591232679548,-0.5012544604036346,0.0
0.947,0.0,1.0,0.0,-0.9955619646030797,-0.09410831331851847,-1.0,0.060000000000002274,0.46999999999999886,5.949254020231208e-09,-0.09410831331851847,-0.9955619646030797,4.413780921218169e-18,0.11638891668267161,-0.17884480159159657,0.7181976190993568,0.0
0.948,0.0,1.0,0.0,-0.9980267284282714,-0.06279051952931596,-1.0,0.03999999999999915,0.4800000000000004,5.831450897795513e-09,-0.06279051952931596,-0.9980267284282714,3.690388266876586e-18,0.11401732579145966,-0.2328832434883499,0.5368685645089681,0.0
0.949,0.0,1.0,0.0,-0.9995065603657315,-0.03141075907812928,-1.0,0.019999999999999574,0.4900000000000002,5.715980433472652e-09,-0.03141075907812928,-0.9995065603657315,3.0843214256522337e-18,0.11165180759566662,-0.28623559172216434,-0.3740033570259274,0.0
0.95,0.0,1.0,0.0,-1.0,-2.939771298590236e-15,-1.0,0.0,0.5,5.602796437537268e-09,-2.939771298590236e-15,-1.0,2.576757109154981e-18,0.10929240478705199,-0.3387379202452897,2.096686621480921,0.0
0.951,0.0,1.0,0.0,-0.9995065603657316,0.03141075907812695,-1.0,-0.019999999999999574,0.5099999999999998,5.491853634881847e-09,0.03141075907812695,-0.9995065603657316,2.1518580406712164e-18,0.10693915985197645,-0.39022853079564396,0.3250175224512749,0.0
0.952,0.0,1.0,0.0,-0.9980267284282718,0.06279051952931008,-1.0,-0.03999999999999915,0.5199999999999996,5.38310764690607e-09,0.06279051952931008,-0.9980267284282718,1.79630481427039e-18,0.10459211507039747,-0.44054845567467493,-1.0538439507363984,0.0
0.953,0.0,1.0,0.0,-0.9955619646030802,0.09410831331851263,-1.0,-0.05999999999999872,0.5299999999999994,5.2765149737647815e-09,0.09410831331851263,-0.9955619646030802,1.4989002520226799e-18,0.10225131251487203,-0.48954195419304464,0.906832269343792,0.0
0.954,0.0,1.0,0.0,-0.9921147013144783,0.12533323356430062,-1.0,-0.0799999999999983,0.5399999999999991,5.172032976967452e-09,0.12533323356430062,-0.9921147013144783,1.25023517534347e-18,0.09991679404956627,-0.5370570012229986,0.8662507129417792,0.0
0.955,0.0,1.0,0.0,-0.9876883405951381,0.15643446504022884,-1.0,-0.09999999999999787,0.5499999999999989,5.069619862322287e-09,0.15643446504022884,-0.9876883405951381,1.04240617839016e-18,0.09758860132927147,-0.5829457663114088,1.8077506654336062,0.0
0.956,0.0,1.0,0.0,-0.9822872507286894,0.1873813145857207,-1.0,-0.11999999999999744,0.5599999999999987,4.969234663217883e-09,0.1873813145857207,-0.9822872507286894,8.687774147040325e-19,0.0952667757984268,-0.6270650818276879,1.8562911676357117,0.0
0.957,0.0,1.0,0.0,-0.9759167619387479,0.2181432413965402,-1.0,-0.14000000000000057,0.5700000000000003,4.870837224236112e-09,0.2181432413965402,-0.9759167619387479,7.237796193422065e-19,0.09295135869014892,-0.6692768986454701,3.338670168711172,0.0
0.958,0.0,1.0,0.0,-0.9685831611286313,0.248689887164854,-1.0,-0.16000000000000014,0.5800000000000001,4.774388185089398e-09,0.248689887164854,-0.9685831611286313,6.027406187596987e-19,0.09064239102526818,-0.7094487278870749,1.340037654020728,0.0
0.959,0.0,1.0,0.0,-0.9602936856769438,0.2789911060392266,-1.0,-0.17999999999999972,0.5899999999999999,4.679848964876077e-09,0.2789911060392266,-0.9602936856769438,5.01742456345061e-19,0.08833991361137179,-0.7474540672939668,0.7243721463321537,0.0
0.96,0.0,1.0,0.0,-0.951056516295154,0.3090169943749463,-1.0,-0.1999999999999993,0.5999999999999996,4.587181746647525e-09,0.3090169943749463,-0.951056516295154,4.175010055850514e-19,0.08604396704185308,-0.7831728108260412,0.8239636611429502,0.0
0.961,0.0,1.0,0.0,-0.9408807689542266,0.3387379202452884,-1.0,-0.21999999999999886,0.6099999999999994,4.49634946228087e-09,0.3387379202452884,-0.9408807689542266,3.472645748191262e-19,0.08375459169496903,-0.8164916401361173,-1.569343068291361,0.0
0.962,0.0,1.0,0.0,-0.929776485888252,0.36812455268467653,-1.0,-0.23999999999999844,0.6199999999999992,4.4073157776512375e-09,0.36812455268467653,-0.929776485888252,2.8872854408469166e-19,0.08147182773290322,-0.8473043966147302,0.46245649680287215,0.0
0.963,0.0,1.0,0.0,-0.9177546256839826,0.3971478906347774,-1.0,-0.259999999999998,0.629999999999999,4.3200450780976755e-09,0.3971478906347774,-0.9177546256839826,2.39963529859174e-19,0.07919571510083633,-0.8755124327528495,0.39253646735508474,0.0
0.964,0.0,1.0,0.0,-0.9048270524660204,0.42577929156507094,-1.0,-0.28000000000000114,0.6400000000000006,4.234502454176721e-09,0.42577929156507094,-0.9048270524660204,1.9935495969983477e-19,0.07692629352602341,-0.9010249416274151,0.09474691717291236,0.0
0.965,0.0,1.0,0.0,-0.8910065241883696,0.45399049973954336,-1.0,-0.3000000000000007,0.6500000000000004,4.1506536876982236e-09,0.45399049973954336,-0.8910065241883696,1.6555226620987744e-19,0.07466360251687817,-0.9237592633756601,-0.35595429063334744,0.0
0.966,0.0,1.0,0.0,-0.8763066800438647,0.4817536741017133,-1.0,-0.3200000000000003,0.6600000000000001,4.068465238037592e-09,0.4817536741017133,-0.8763066800438647,1.374261872373265e-19,0.07240768136206402,-0.9436411675894216,-0.19091760860497564,0.0
0.967,0.0,1.0,0.0,-0.860742027003944,0.5090414157503708,-1.0,-0.33999999999999986,0.6699999999999999,3.987904228719101e-09,0.5090414157503708,-0.860742027003944,1.140328942556145e-19,0.07015856912959227,-0.9606051106295299,1.0922551976204526,0.0
0.968,0.0,1.0,0.0,-0.8443279255020165,0.5358267949789944,-1.0,-0.35999999999999943,0.6799999999999997,3.908938434264864e-09,0.5358267949789944,-0.8443279255020165,9.458386988221877e-20,0.06791630466592748,-0.9745944669329111,-0.3693632008176832,0.0
0.969,0.0,1.0,0.0,-0.8270805742745624,0.5620833778521298,-1.0,-0.379999999999999,0.6899999999999995,3.831536267304207e-09,0.5620833778521298,-0.8270805742745624,7.842062391284705e-20,0.06568092659509883,-0.9855617334610587,-1.6369767083922362,0.0
0.97,0.0,1.0,0.0,-0.8090169943749491,0.5877852522924707,-1.0,-0.3999999999999986,0.6999999999999993,3.755666765938289e-09,0.5877852522924707,-0.8090169943749491,6.499347972070893e-20,0.06345247331782045,-0.9934687065175397,-0.7326359574723721,0.0
0.971,0.0,1.0,0.0,-0.7901550123756912,0.6129070536529754,-1.0,-0.41999999999999815,0.7099999999999991,3.6812995813549846e-09,0.6129070536529754,-0.7901550123756912,5.3843783337193394e-20,0.06123098301061685,-0.9982866302444132,-0.05254739246337619,0.0
0.972,0.0,1.0,0.0,-0.7705132427757914,0.6374239897486872,-1.0,-0.4399999999999977,0.7199999999999989,3.6084049656888712e-09,0.6374239897486872,-0.7705132427757914,4.458898934501781e-20,0.059016493624956666,-0.9999963161921582,0.6768652996830347,0.0
0.973,0.0,1.0,0.0,-0.7501110696304607,0.6613118653236506,-1.0,-0.46000000000000085,0.7300000000000004,3.5369537601217412e-09,0.6613118653236506,-0.7501110696304607,3.691016372696099e-20,0.05680904288639293,-0.9985882334450774,-1.7463838587023275,0.0
0.974,0.0,1.0,0.0,-0.728968627421414,0.684547105928686,-1.0,-0.4800000000000004,0.7400000000000002,3.4669173832186716e-09,0.684547105928686,-0.728968627421414,3.0541516442847473e-20,0.05460866829371078,-0.9940625688736107,0.802613880298501,0.0
0.975,0.0,1.0,0.0,-0.707106781186549,0.707106781186546,-1.0,-0.5,0.75,3.398267819495071e-09,0.707106781186546,-0.707106781186549,2.5261637809256925e-20,0.052415407118082215,-0.9864292571764952,-2.4451098786321164,0.0
0.976,0.0,1.0,0.0,-0.684547105928689,0.7289686274214112,-1.0,-0.5199999999999996,0.7599999999999998,3.3309776082101105e-09,0.7289686274214112,-0.684547105928689,2.0886164474088106e-20,0.05022929640222805,-0.9757079804688472,-0.9172717296482216,0.0
0.977,0.0,1.0,0.0,-0.6613118653236537,0.7501110696304579,-1.0,-0.5399999999999991,0.7699999999999996,3.2650198323820608e-09,0.7501110696304579,-0.6613118653236537,1.7261644390538634e-20,0.048050372959587175,-0.9619281372667883,0.3160142380478755,0.0
0.978,0.0,1.0,0.0,-0.6374239897486904,0.7705132427757887,-1.0,-0.5599999999999987,0.7799999999999994,3.200368108021142e-09,0.7705132427757887,-0.6374239897486904,1.4260406956101183e-20,0.04587867337349237,-0.945128780814932,-1.333048376739142,0.0
0.979,0.0,1.0,0.0,-0.6129070536529787,0.7901550123756886,-1.0,-0.5799999999999983,0.7899999999999991,3.136996573575564e-09,0.7901550123756886,-0.6129070536529787,1.1776275454323833e-20,0.04371423399635482,-0.9253585267994553,-0.25573357508207334,0.0
0.98,0.0,1.0,0.0,-0.5877852522924741,0.8090169943749467,-1.0,-0.6000000000000014,0.8000000000000007,3.074879879586606e-09,0.8090169943749467,-0.5877852522924741,9.72098502030078e-21,0.04155709094885441,-0.9026754305865597,-0.43100209363295017,0.0
0.981,0.0,1.0,0.0,-0.5620833778521332,0.82708057427456,-1.0,-0.620000000000001,0.8100000000000005,3.0139931785484283e-09,0.82708057427456,-0.5620833778521332,8.02119130706306e-21,0.03940728011913801,-0.8771468342232275,1.3338352094679655,0.0
0.982,0.0,1.0,0.0,-0.5358267949789979,0.8443279255020143,-1.0,-0.6400000000000006,0.8200000000000003,2.954312114968781e-09,0.8443279255020143,-0.5358267949789979,6.615973503989091e-21,0.03726483716202499,-0.8488491835343555,-0.9517473337299417,0.0
0.983,0.0,1.0,0.0,-0.5090414157503713,0.8607420270039436,-1.0,-0.6600000000000001,0.8300000000000001,2.8958128156264747e-09,0.8607420270039436,-0.5090414157503713,5.454750895420932e-21,0.03512979749822006,-0.8178678157469776,0.6479543474215678,0.0
0.984,0.0,1.0,0.0,-0.48175367410171693,0.8763066800438627,-1.0,-0.6799999999999997,0.8399999999999999,2.8384718800217715e-09,0.8763066800438627,-0.48175367410171693,4.4955452089185905e-21,0.033002196313533363,-0.7842967181683445,0.846010845033602,0.0
0.985,0.0,1.0,0.0,-0.4539904997395471,0.8910065241883677,-1.0,-0.6999999999999993,0.8499999999999996,2.782266371015873e-09,0.8910065241883677,-0.4539904997395471,3.703531977652345e-21,0.03088206855810806,-0.7482382585394386,1.3554571095234196,0.0
0.986,0.0,1.0,0.0,-0.4257792915650747,0.9048270524660186,-1.0,-0.7199999999999989,0.8599999999999994,2.7271738056557604e-09,0.9048270524660186,-0.4257792915650747,3.049833359432183e-21,0.028769448945655224,-0.7098028877792367,0.7146255814208717,0.0
0.987,0.0,1.0,0.0,-0.39714789063478123,0.9177546256839809,-1.0,-0.7399999999999984,0.8699999999999992,2.673172146180703e-09,0.9177546256839809,-0.39714789063478123,2.5105125936594477e-21,0.026664371952696327,-0.6691088159268609,0.8988929238312365,0.0
0.988,0.0,1.0,0.0,-0.3681245526846804,0.9297764858882505,-1.0,-0.759999999999998,0.879999999999999,2.620239791206898e-09,0.9297764858882505,-0.3681245526846804,2.0657367715490986e-21,0.0245668718178124,-0.6262816621788773,0.07251098880310955,0.0
0.989,0.0,1.0,0.0,-0.33873792024529237,0.9408807689542251,-1.0,-0.7800000000000011,0.8900000000000006,2.5683555670865718e-09,0.9408807689542251,-0.33873792024529237,1.6990800420899825e-21,0.022476982540902097,-0.5814540800065551,2.0062999359814326,0.0
0.99,0.0,1.0,0.0,-0.3090169943749503,0.9510565162951526,-1.0,-0.8000000000000007,0.9000000000000004,2.517498719438278e-09,0.9510565162951526,-0.3090169943749503,1.3969439431470991e-21,0.02039473788244581,-0.5347653584232352,-1.786769700235966,0.0
0.991,0.0,1.0,0.0,-0.2789911060392306,0.9602936856769427,-1.0,-0.8200000000000003,0.9100000000000001,2.4676489048448567e-09,0.9602936856769427,-0.2789911060392306,1.1480753743885914e-21,0.01832017136277793,-0.48636100055412546,0.5590099511210828,0.0
0.992,0.0,1.0,0.0,-0.2486898871648546,0.9685831611286312,-1.0,-0.8399999999999999,0.9199999999999999,2.418786182715797e-09,0.9685831611286312,-0.2486898871648546,9.431659347155082e-22,0.01625331626136651,-0.43639228074021646,-0.07897567025506838,0.0
0.993,0.0,1.0,0.0,-0.21814324139654426,0.975916761938747,-1.0,-0.8599999999999994,0.9299999999999997,2.370891007310736e-09,0.975916761938747,-0.21814324139654426,7.745190312479511e-22,0.014194205616100441,-0.3850157814834362,0.8197279824998519,0.0
0.994,0.0,1.0,0.0,-0.18738131458572477,0.9822872507286886,-1.0,-0.879999999999999,0.9399999999999995,2.3239442199209016e-09,0.9822872507286886,-0.18738131458572477,6.357734135491351e-22,0.012142872222584151,-0.33239291161260887,-0.553824974568354,0.0
0.995,0.0,1.0,0.0,-0.15643446504023295,0.9876883405951374,-1.0,-0.8999999999999986,0.9499999999999993,2.277927041205363e-09,0.9876883405951374,-0.15643446504023295,5.216736662027038e-22,0.010099348633439868,-0.2786894071177145,1.4422914875982062,0.0
0.996,0.0,1.0,0.0,-0.12533323356430476,0.9921147013144778,-1.0,-0.9200000000000017,0.9600000000000009,2.23282106367908e-09,0.9921147013144778,-0.12533323356430476,4.278797644175367e-22,0.008063667157617598,-0.22407481616380998,0.31692793720686535,0.0
0.997,0.0,1.0,0.0,-0.09410831331851677,0.9955619646030798,-1.0,-0.9400000000000013,0.9700000000000006,2.1886082443496134e-09,0.9955619646030798,-0.09410831331851677,3.50809110871071e-22,0.006035859859711979,-0.1687219698557017,-0.3375931942695553,0.0
0.998,0.0,1.0,0.0,-0.06279051952931425,0.9980267284282716,-1.0,-0.9600000000000009,0.9800000000000004,2.145270897499719e-09,0.9980267284282716,-0.06279051952931425,2.875055693946053e-22,0.004015958559288169,-0.1128064403790337,1.8041258896256838,0.0
0.999,0.0,1.0,0.0,-0.031410759078131116,0.9995065603657315,-1.0,-0.9800000000000004,0.9900000000000002,2.1027916876128178e-09,0.9995065603657315,-0.031410759078131116,2.355309275139791e-22,0.0020039948302139248,-0.05650598819366351,-0.4645187204166083,0.0
